satellite_id,plane,slot,coverage_availability_after_removal,coverage_loss_ratio,critical_sample_hits
0,0,0,1.0,0.0,0
1,0,1,1.0,0.0,0
2,0,2,1.0,0.0,0
3,0,3,1.0,0.0,0
4,0,4,1.0,0.0,0
5,0,5,1.0,0.0,0
6,0,6,1.0,0.0,0
7,0,7,1.0,0.0,0
8,0,8,1.0,0.0,0
9,0,9,1.0,0.0,0
10,0,10,1.0,0.0,0
11,0,11,1.0,0.0,0
12,0,12,1.0,0.0,0
13,0,13,1.0,0.0,0
14,0,14,1.0,0.0,0
15,0,15,1.0,0.0,0
16,0,16,1.0,0.0,0
17,0,17,1.0,0.0,0
18,0,18,1.0,0.0,0
19,0,19,1.0,0.0,0
20,0,20,1.0,0.0,0
21,0,21,1.0,0.0,0
22,0,22,1.0,0.0,0
23,0,23,0.9999950760327023,4.923967297730476e-06,1
24,0,24,1.0,0.0,0
25,0,25,1.0,0.0,0
26,0,26,1.0,0.0,0
27,0,27,1.0,0.0,0
28,0,28,1.0,0.0,0
29,0,29,1.0,0.0,0
30,0,30,1.0,0.0,0
31,0,31,1.0,0.0,0
32,0,32,1.0,0.0,0
33,0,33,1.0,0.0,0
34,0,34,1.0,0.0,0
35,0,35,1.0,0.0,0
36,0,36,1.0,0.0,0
37,0,37,1.0,0.0,0
38,0,38,1.0,0.0,0
39,0,39,1.0,0.0,0
40,0,40,1.0,0.0,0
41,0,41,1.0,0.0,0
42,0,42,1.0,0.0,0
43,0,43,1.0,0.0,0
44,0,44,1.0,0.0,0
45,0,45,0.9999950760327023,4.923967297730476e-06,1
46,0,46,1.0,0.0,0
47,0,47,1.0,0.0,0
48,0,48,1.0,0.0,0
49,0,49,1.0,0.0,0
50,0,50,1.0,0.0,0
51,0,51,1.0,0.0,0
52,1,0,1.0,0.0,0
53,1,1,1.0,0.0,0
54,1,2,0.9999951389976722,4.861002327740798e-06,1
55,1,3,1.0,0.0,0
56,1,4,1.0,0.0,0
57,1,5,1.0,0.0,0
58,1,6,1.0,0.0,0
59,1,7,1.0,0.0,0
60,1,8,1.0,0.0,0
61,1,9,1.0,0.0,0
62,1,10,1.0,0.0,0
63,1,11,1.0,0.0,0
64,1,12,1.0,0.0,0
65,1,13,1.0,0.0,0
66,1,14,1.0,0.0,0
67,1,15,1.0,0.0,0
68,1,16,1.0,0.0,0
69,1,17,1.0,0.0,0
70,1,18,1.0,0.0,0
71,1,19,1.0,0.0,0
72,1,20,1.0,0.0,0
73,1,21,1.0,0.0,0
74,1,22,1.0,0.0,0
75,1,23,1.0,0.0,0
76,1,24,1.0,0.0,0
77,1,25,1.0,0.0,0
78,1,26,1.0,0.0,0
79,1,27,1.0,0.0,0
80,1,28,1.0,0.0,0
81,1,29,1.0,0.0,0
82,1,30,1.0,0.0,0
83,1,31,1.0,0.0,0
84,1,32,1.0,0.0,0
85,1,33,1.0,0.0,0
86,1,34,1.0,0.0,0
87,1,35,0.9999950910487518,4.908951248187867e-06,1
88,1,36,0.9999951120456023,4.887954397715313e-06,1
89,1,37,1.0,0.0,0
90,1,38,1.0,0.0,0
91,1,39,1.0,0.0,0
92,1,40,1.0,0.0,0
93,1,41,1.0,0.0,0
94,1,42,1.0,0.0,0
95,1,43,1.0,0.0,0
96,1,44,1.0,0.0,0
97,1,45,1.0,0.0,0
98,1,46,1.0,0.0,0
99,1,47,1.0,0.0,0
100,1,48,1.0,0.0,0
101,1,49,0.9999951120456023,4.887954397715313e-06,1
102,1,50,1.0,0.0,0
103,1,51,1.0,0.0,0
104,2,0,1.0,0.0,0
105,2,1,1.0,0.0,0
106,2,2,1.0,0.0,0
107,2,3,1.0,0.0,0
108,2,4,1.0,0.0,0
109,2,5,1.0,0.0,0
110,2,6,0.9999951389976722,4.861002327740798e-06,1
111,2,7,1.0,0.0,0
112,2,8,1.0,0.0,0
113,2,9,1.0,0.0,0
114,2,10,1.0,0.0,0
115,2,11,1.0,0.0,0
116,2,12,1.0,0.0,0
117,2,13,1.0,0.0,0
118,2,14,1.0,0.0,0
119,2,15,1.0,0.0,0
120,2,16,1.0,0.0,0
121,2,17,1.0,0.0,0
122,2,18,1.0,0.0,0
123,2,19,1.0,0.0,0
124,2,20,1.0,0.0,0
125,2,21,1.0,0.0,0
126,2,22,1.0,0.0,0
127,2,23,1.0,0.0,0
128,2,24,1.0,0.0,0
129,2,25,1.0,0.0,0
130,2,26,1.0,0.0,0
131,2,27,1.0,0.0,0
132,2,28,1.0,0.0,0
133,2,29,1.0,0.0,0
134,2,30,1.0,0.0,0
135,2,31,1.0,0.0,0
136,2,32,1.0,0.0,0
137,2,33,1.0,0.0,0
138,2,34,1.0,0.0,0
139,2,35,1.0,0.0,0
140,2,36,1.0,0.0,0
141,2,37,1.0,0.0,0
142,2,38,1.0,0.0,0
143,2,39,1.0,0.0,0
144,2,40,1.0,0.0,0
145,2,41,1.0,0.0,0
146,2,42,1.0,0.0,0
147,2,43,1.0,0.0,0
148,2,44,1.0,0.0,0
149,2,45,1.0,0.0,0
150,2,46,1.0,0.0,0
151,2,47,1.0,0.0,0
152,2,48,1.0,0.0,0
153,2,49,1.0,0.0,0
154,2,50,1.0,0.0,0
155,2,51,1.0,0.0,0
156,3,0,1.0,0.0,0
157,3,1,1.0,0.0,0
158,3,2,1.0,0.0,0
159,3,3,0.9999950760327023,4.923967297730476e-06,1
160,3,4,1.0,0.0,0
161,3,5,1.0,0.0,0
162,3,6,1.0,0.0,0
163,3,7,1.0,0.0,0
164,3,8,1.0,0.0,0
165,3,9,1.0,0.0,0
166,3,10,1.0,0.0,0
167,3,11,1.0,0.0,0
168,3,12,1.0,0.0,0
169,3,13,1.0,0.0,0
170,3,14,1.0,0.0,0
171,3,15,0.9999950760327023,4.923967297730476e-06,1
172,3,16,1.0,0.0,0
173,3,17,1.0,0.0,0
174,3,18,1.0,0.0,0
175,3,19,1.0,0.0,0
176,3,20,1.0,0.0,0
177,3,21,1.0,0.0,0
178,3,22,1.0,0.0,0
179,3,23,1.0,0.0,0
180,3,24,1.0,0.0,0
181,3,25,1.0,0.0,0
182,3,26,1.0,0.0,0
183,3,27,1.0,0.0,0
184,3,28,1.0,0.0,0
185,3,29,1.0,0.0,0
186,3,30,1.0,0.0,0
187,3,31,1.0,0.0,0
188,3,32,1.0,0.0,0
189,3,33,1.0,0.0,0
190,3,34,1.0,0.0,0
191,3,35,1.0,0.0,0
192,3,36,1.0,0.0,0
193,3,37,1.0,0.0,0
194,3,38,1.0,0.0,0
195,3,39,1.0,0.0,0
196,3,40,1.0,0.0,0
197,3,41,1.0,0.0,0
198,3,42,1.0,0.0,0
199,3,43,1.0,0.0,0
200,3,44,1.0,0.0,0
201,3,45,1.0,0.0,0
202,3,46,1.0,0.0,0
203,3,47,1.0,0.0,0
204,3,48,1.0,0.0,0
205,3,49,1.0,0.0,0
206,3,50,1.0,0.0,0
207,3,51,1.0,0.0,0
208,4,0,1.0,0.0,0
209,4,1,1.0,0.0,0
210,4,2,1.0,0.0,0
211,4,3,1.0,0.0,0
212,4,4,1.0,0.0,0
213,4,5,1.0,0.0,0
214,4,6,1.0,0.0,0
215,4,7,1.0,0.0,0
216,4,8,1.0,0.0,0
217,4,9,1.0,0.0,0
218,4,10,1.0,0.0,0
219,4,11,1.0,0.0,0
220,4,12,1.0,0.0,0
221,4,13,1.0,0.0,0
222,4,14,1.0,0.0,0
223,4,15,0.9999950910487518,4.908951248187867e-06,1
224,4,16,0.9999951120456023,4.887954397715313e-06,1
225,4,17,1.0,0.0,0
226,4,18,1.0,0.0,0
227,4,19,1.0,0.0,0
228,4,20,1.0,0.0,0
229,4,21,1.0,0.0,0
230,4,22,1.0,0.0,0
231,4,23,1.0,0.0,0
232,4,24,1.0,0.0,0
233,4,25,1.0,0.0,0
234,4,26,1.0,0.0,0
235,4,27,1.0,0.0,0
236,4,28,1.0,0.0,0
237,4,29,1.0,0.0,0
238,4,30,0.9999950910487518,4.908951248187867e-06,1
239,4,31,1.0,0.0,0
240,4,32,1.0,0.0,0
241,4,33,1.0,0.0,0
242,4,34,1.0,0.0,0
243,4,35,1.0,0.0,0
244,4,36,1.0,0.0,0
245,4,37,1.0,0.0,0
246,4,38,1.0,0.0,0
247,4,39,1.0,0.0,0
248,4,40,1.0,0.0,0
249,4,41,1.0,0.0,0
250,4,42,1.0,0.0,0
251,4,43,1.0,0.0,0
252,4,44,1.0,0.0,0
253,4,45,1.0,0.0,0
254,4,46,1.0,0.0,0
255,4,47,1.0,0.0,0
256,4,48,1.0,0.0,0
257,4,49,1.0,0.0,0
258,4,50,1.0,0.0,0
259,4,51,1.0,0.0,0
260,5,0,1.0,0.0,0
261,5,1,1.0,0.0,0
262,5,2,1.0,0.0,0
263,5,3,1.0,0.0,0
264,5,4,1.0,0.0,0
265,5,5,1.0,0.0,0
266,5,6,1.0,0.0,0
267,5,7,1.0,0.0,0
268,5,8,1.0,0.0,0
269,5,9,1.0,0.0,0
270,5,10,1.0,0.0,0
271,5,11,1.0,0.0,0
272,5,12,1.0,0.0,0
273,5,13,1.0,0.0,0
274,5,14,1.0,0.0,0
275,5,15,1.0,0.0,0
276,5,16,1.0,0.0,0
277,5,17,1.0,0.0,0
278,5,18,1.0,0.0,0
279,5,19,1.0,0.0,0
280,5,20,1.0,0.0,0
281,5,21,1.0,0.0,0
282,5,22,1.0,0.0,0
283,5,23,1.0,0.0,0
284,5,24,1.0,0.0,0
285,5,25,1.0,0.0,0
286,5,26,1.0,0.0,0
287,5,27,1.0,0.0,0
288,5,28,1.0,0.0,0
289,5,29,1.0,0.0,0
290,5,30,1.0,0.0,0
291,5,31,1.0,0.0,0
292,5,32,1.0,0.0,0
293,5,33,1.0,0.0,0
294,5,34,1.0,0.0,0
295,5,35,1.0,0.0,0
296,5,36,1.0,0.0,0
297,5,37,1.0,0.0,0
298,5,38,1.0,0.0,0
299,5,39,1.0,0.0,0
300,5,40,1.0,0.0,0
301,5,41,1.0,0.0,0
302,5,42,0.999990167081454,9.832918545918343e-06,2
303,5,43,1.0,0.0,0
304,5,44,1.0,0.0,0
305,5,45,1.0,0.0,0
306,5,46,1.0,0.0,0
307,5,47,1.0,0.0,0
308,5,48,1.0,0.0,0
309,5,49,1.0,0.0,0
310,5,50,1.0,0.0,0
311,5,51,1.0,0.0,0
312,6,0,1.0,0.0,0
313,6,1,1.0,0.0,0
314,6,2,1.0,0.0,0
315,6,3,1.0,0.0,0
316,6,4,1.0,0.0,0
317,6,5,1.0,0.0,0
318,6,6,1.0,0.0,0
319,6,7,1.0,0.0,0
320,6,8,1.0,0.0,0
321,6,9,1.0,0.0,0
322,6,10,1.0,0.0,0
323,6,11,1.0,0.0,0
324,6,12,1.0,0.0,0
325,6,13,1.0,0.0,0
326,6,14,1.0,0.0,0
327,6,15,1.0,0.0,0
328,6,16,1.0,0.0,0
329,6,17,1.0,0.0,0
330,6,18,1.0,0.0,0
331,6,19,1.0,0.0,0
332,6,20,1.0,0.0,0
333,6,21,1.0,0.0,0
334,6,22,1.0,0.0,0
335,6,23,1.0,0.0,0
336,6,24,1.0,0.0,0
337,6,25,1.0,0.0,0
338,6,26,1.0,0.0,0
339,6,27,1.0,0.0,0
340,6,28,1.0,0.0,0
341,6,29,1.0,0.0,0
342,6,30,1.0,0.0,0
343,6,31,1.0,0.0,0
344,6,32,1.0,0.0,0
345,6,33,1.0,0.0,0
346,6,34,1.0,0.0,0
347,6,35,1.0,0.0,0
348,6,36,1.0,0.0,0
349,6,37,1.0,0.0,0
350,6,38,1.0,0.0,0
351,6,39,1.0,0.0,0
352,6,40,1.0,0.0,0
353,6,41,1.0,0.0,0
354,6,42,1.0,0.0,0
355,6,43,1.0,0.0,0
356,6,44,1.0,0.0,0
357,6,45,1.0,0.0,0
358,6,46,1.0,0.0,0
359,6,47,0.9999950760327023,4.923967297730476e-06,1
360,6,48,1.0,0.0,0
361,6,49,1.0,0.0,0
362,6,50,1.0,0.0,0
363,6,51,1.0,0.0,0
364,7,0,1.0,0.0,0
365,7,1,1.0,0.0,0
366,7,2,1.0,0.0,0
367,7,3,1.0,0.0,0
368,7,4,1.0,0.0,0
369,7,5,1.0,0.0,0
370,7,6,1.0,0.0,0
371,7,7,1.0,0.0,0
372,7,8,1.0,0.0,0
373,7,9,1.0,0.0,0
374,7,10,0.9999950910487518,4.908951248187867e-06,1
375,7,11,1.0,0.0,0
376,7,12,1.0,0.0,0
377,7,13,1.0,0.0,0
378,7,14,1.0,0.0,0
379,7,15,1.0,0.0,0
380,7,16,1.0,0.0,0
381,7,17,1.0,0.0,0
382,7,18,1.0,0.0,0
383,7,19,1.0,0.0,0
384,7,20,1.0,0.0,0
385,7,21,1.0,0.0,0
386,7,22,1.0,0.0,0
387,7,23,1.0,0.0,0
388,7,24,1.0,0.0,0
389,7,25,1.0,0.0,0
390,7,26,1.0,0.0,0
391,7,27,1.0,0.0,0
392,7,28,1.0,0.0,0
393,7,29,1.0,0.0,0
394,7,30,1.0,0.0,0
395,7,31,1.0,0.0,0
396,7,32,1.0,0.0,0
397,7,33,1.0,0.0,0
398,7,34,1.0,0.0,0
399,7,35,1.0,0.0,0
400,7,36,1.0,0.0,0
401,7,37,1.0,0.0,0
402,7,38,1.0,0.0,0
403,7,39,1.0,0.0,0
404,7,40,1.0,0.0,0
405,7,41,1.0,0.0,0
406,7,42,1.0,0.0,0
407,7,43,1.0,0.0,0
408,7,44,1.0,0.0,0
409,7,45,1.0,0.0,0
410,7,46,1.0,0.0,0
411,7,47,1.0,0.0,0
412,7,48,0.9999951120456023,4.887954397715313e-06,1
413,7,49,1.0,0.0,0
414,7,50,1.0,0.0,0
415,7,51,1.0,0.0,0
416,8,0,0.9999950760327023,4.923967297730476e-06,1
417,8,1,1.0,0.0,0
418,8,2,1.0,0.0,0
419,8,3,1.0,0.0,0
420,8,4,1.0,0.0,0
421,8,5,1.0,0.0,0
422,8,6,1.0,0.0,0
423,8,7,1.0,0.0,0
424,8,8,1.0,0.0,0
425,8,9,1.0,0.0,0
426,8,10,1.0,0.0,0
427,8,11,1.0,0.0,0
428,8,12,1.0,0.0,0
429,8,13,1.0,0.0,0
430,8,14,1.0,0.0,0
431,8,15,1.0,0.0,0
432,8,16,1.0,0.0,0
433,8,17,1.0,0.0,0
434,8,18,1.0,0.0,0
435,8,19,1.0,0.0,0
436,8,20,1.0,0.0,0
437,8,21,1.0,0.0,0
438,8,22,0.9999950760327023,4.923967297730476e-06,1
439,8,23,1.0,0.0,0
440,8,24,1.0,0.0,0
441,8,25,1.0,0.0,0
442,8,26,1.0,0.0,0
443,8,27,1.0,0.0,0
444,8,28,0.9999950760327023,4.923967297730476e-06,1
445,8,29,1.0,0.0,0
446,8,30,1.0,0.0,0
447,8,31,1.0,0.0,0
448,8,32,0.9999951389976722,4.861002327740798e-06,1
449,8,33,1.0,0.0,0
450,8,34,1.0,0.0,0
451,8,35,1.0,0.0,0
452,8,36,1.0,0.0,0
453,8,37,1.0,0.0,0
454,8,38,1.0,0.0,0
455,8,39,1.0,0.0,0
456,8,40,1.0,0.0,0
457,8,41,1.0,0.0,0
458,8,42,1.0,0.0,0
459,8,43,1.0,0.0,0
460,8,44,1.0,0.0,0
461,8,45,1.0,0.0,0
462,8,46,1.0,0.0,0
463,8,47,1.0,0.0,0
464,8,48,1.0,0.0,0
465,8,49,1.0,0.0,0
466,8,50,1.0,0.0,0
467,8,51,1.0,0.0,0
468,9,0,1.0,0.0,0
469,9,1,1.0,0.0,0
470,9,2,1.0,0.0,0
471,9,3,1.0,0.0,0
472,9,4,1.0,0.0,0
473,9,5,1.0,0.0,0
474,9,6,1.0,0.0,0
475,9,7,1.0,0.0,0
476,9,8,1.0,0.0,0
477,9,9,1.0,0.0,0
478,9,10,1.0,0.0,0
479,9,11,1.0,0.0,0
480,9,12,1.0,0.0,0
481,9,13,1.0,0.0,0
482,9,14,1.0,0.0,0
483,9,15,1.0,0.0,0
484,9,16,1.0,0.0,0
485,9,17,1.0,0.0,0
486,9,18,1.0,0.0,0
487,9,19,1.0,0.0,0
488,9,20,1.0,0.0,0
489,9,21,1.0,0.0,0
490,9,22,1.0,0.0,0
491,9,23,1.0,0.0,0
492,9,24,1.0,0.0,0
493,9,25,1.0,0.0,0
494,9,26,1.0,0.0,0
495,9,27,1.0,0.0,0
496,9,28,1.0,0.0,0
497,9,29,1.0,0.0,0
498,9,30,1.0,0.0,0
499,9,31,1.0,0.0,0
500,9,32,1.0,0.0,0
501,9,33,1.0,0.0,0
502,9,34,1.0,0.0,0
503,9,35,1.0,0.0,0
504,9,36,1.0,0.0,0
505,9,37,1.0,0.0,0
506,9,38,1.0,0.0,0
507,9,39,1.0,0.0,0
508,9,40,0.9999950910487518,4.908951248187867e-06,1
509,9,41,1.0,0.0,0
510,9,42,1.0,0.0,0
511,9,43,1.0,0.0,0
512,9,44,1.0,0.0,0
513,9,45,1.0,0.0,0
514,9,46,1.0,0.0,0
515,9,47,1.0,0.0,0
516,9,48,1.0,0.0,0
517,9,49,1.0,0.0,0
518,9,50,0.9999950760327023,4.923967297730476e-06,1
519,9,51,1.0,0.0,0
520,10,0,1.0,0.0,0
521,10,1,1.0,0.0,0
522,10,2,1.0,0.0,0
523,10,3,1.0,0.0,0
524,10,4,1.0,0.0,0
525,10,5,1.0,0.0,0
526,10,6,1.0,0.0,0
527,10,7,1.0,0.0,0
528,10,8,1.0,0.0,0
529,10,9,1.0,0.0,0
530,10,10,1.0,0.0,0
531,10,11,1.0,0.0,0
532,10,12,1.0,0.0,0
533,10,13,1.0,0.0,0
534,10,14,1.0,0.0,0
535,10,15,1.0,0.0,0
536,10,16,1.0,0.0,0
537,10,17,1.0,0.0,0
538,10,18,1.0,0.0,0
539,10,19,1.0,0.0,0
540,10,20,1.0,0.0,0
541,10,21,1.0,0.0,0
542,10,22,1.0,0.0,0
543,10,23,1.0,0.0,0
544,10,24,1.0,0.0,0
545,10,25,0.9999950760327023,4.923967297730476e-06,1
546,10,26,1.0,0.0,0
547,10,27,1.0,0.0,0
548,10,28,1.0,0.0,0
549,10,29,1.0,0.0,0
550,10,30,1.0,0.0,0
551,10,31,1.0,0.0,0
552,10,32,1.0,0.0,0
553,10,33,0.9999950760327023,4.923967297730476e-06,1
554,10,34,1.0,0.0,0
555,10,35,1.0,0.0,0
556,10,36,1.0,0.0,0
557,10,37,1.0,0.0,0
558,10,38,1.0,0.0,0
559,10,39,1.0,0.0,0
560,10,40,1.0,0.0,0
561,10,41,1.0,0.0,0
562,10,42,1.0,0.0,0
563,10,43,1.0,0.0,0
564,10,44,1.0,0.0,0
565,10,45,1.0,0.0,0
566,10,46,1.0,0.0,0
567,10,47,1.0,0.0,0
568,10,48,1.0,0.0,0
569,10,49,1.0,0.0,0
570,10,50,1.0,0.0,0
571,10,51,1.0,0.0,0
572,11,0,1.0,0.0,0
573,11,1,1.0,0.0,0
574,11,2,1.0,0.0,0
575,11,3,1.0,0.0,0
576,11,4,1.0,0.0,0
577,11,5,1.0,0.0,0
578,11,6,1.0,0.0,0
579,11,7,1.0,0.0,0
580,11,8,0.9999950760327023,4.923967297730476e-06,1
581,11,9,1.0,0.0,0
582,11,10,1.0,0.0,0
583,11,11,1.0,0.0,0
584,11,12,1.0,0.0,0
585,11,13,1.0,0.0,0
586,11,14,1.0,0.0,0
587,11,15,1.0,0.0,0
588,11,16,1.0,0.0,0
589,11,17,1.0,0.0,0
590,11,18,1.0,0.0,0
591,11,19,1.0,0.0,0
592,11,20,1.0,0.0,0
593,11,21,1.0,0.0,0
594,11,22,1.0,0.0,0
595,11,23,1.0,0.0,0
596,11,24,1.0,0.0,0
597,11,25,1.0,0.0,0
598,11,26,1.0,0.0,0
599,11,27,1.0,0.0,0
600,11,28,1.0,0.0,0
601,11,29,1.0,0.0,0
602,11,30,1.0,0.0,0
603,11,31,1.0,0.0,0
604,11,32,1.0,0.0,0
605,11,33,1.0,0.0,0
606,11,34,1.0,0.0,0
607,11,35,1.0,0.0,0
608,11,36,1.0,0.0,0
609,11,37,1.0,0.0,0
610,11,38,1.0,0.0,0
611,11,39,1.0,0.0,0
612,11,40,1.0,0.0,0
613,11,41,1.0,0.0,0
614,11,42,1.0,0.0,0
615,11,43,1.0,0.0,0
616,11,44,1.0,0.0,0
617,11,45,1.0,0.0,0
618,11,46,1.0,0.0,0
619,11,47,1.0,0.0,0
620,11,48,1.0,0.0,0
621,11,49,1.0,0.0,0
622,11,50,1.0,0.0,0
623,11,51,1.0,0.0,0
624,12,0,1.0,0.0,0
625,12,1,1.0,0.0,0
626,12,2,1.0,0.0,0
627,12,3,1.0,0.0,0
628,12,4,1.0,0.0,0
629,12,5,1.0,0.0,0
630,12,6,1.0,0.0,0
631,12,7,1.0,0.0,0
632,12,8,1.0,0.0,0
633,12,9,1.0,0.0,0
634,12,10,1.0,0.0,0
635,12,11,1.0,0.0,0
636,12,12,1.0,0.0,0
637,12,13,1.0,0.0,0
638,12,14,1.0,0.0,0
639,12,15,1.0,0.0,0
640,12,16,1.0,0.0,0
641,12,17,1.0,0.0,0
642,12,18,1.0,0.0,0
643,12,19,1.0,0.0,0
644,12,20,1.0,0.0,0
645,12,21,1.0,0.0,0
646,12,22,1.0,0.0,0
647,12,23,1.0,0.0,0
648,12,24,1.0,0.0,0
649,12,25,1.0,0.0,0
650,12,26,1.0,0.0,0
651,12,27,1.0,0.0,0
652,12,28,1.0,0.0,0
653,12,29,1.0,0.0,0
654,12,30,1.0,0.0,0
655,12,31,1.0,0.0,0
656,12,32,1.0,0.0,0
657,12,33,1.0,0.0,0
658,12,34,1.0,0.0,0
659,12,35,0.9999950760327023,4.923967297730476e-06,1
660,12,36,1.0,0.0,0
661,12,37,1.0,0.0,0
662,12,38,1.0,0.0,0
663,12,39,1.0,0.0,0
664,12,40,1.0,0.0,0
665,12,41,1.0,0.0,0
666,12,42,1.0,0.0,0
667,12,43,1.0,0.0,0
668,12,44,1.0,0.0,0
669,12,45,1.0,0.0,0
670,12,46,1.0,0.0,0
671,12,47,1.0,0.0,0
672,12,48,1.0,0.0,0
673,12,49,1.0,0.0,0
674,12,50,1.0,0.0,0
675,12,51,1.0,0.0,0
676,13,0,1.0,0.0,0
677,13,1,1.0,0.0,0
678,13,2,1.0,0.0,0
679,13,3,1.0,0.0,0
680,13,4,1.0,0.0,0
681,13,5,1.0,0.0,0
682,13,6,1.0,0.0,0
683,13,7,1.0,0.0,0
684,13,8,1.0,0.0,0
685,13,9,1.0,0.0,0
686,13,10,1.0,0.0,0
687,13,11,1.0,0.0,0
688,13,12,1.0,0.0,0
689,13,13,1.0,0.0,0
690,13,14,1.0,0.0,0
691,13,15,1.0,0.0,0
692,13,16,1.0,0.0,0
693,13,17,1.0,0.0,0
694,13,18,1.0,0.0,0
695,13,19,1.0,0.0,0
696,13,20,1.0,0.0,0
697,13,21,1.0,0.0,0
698,13,22,1.0,0.0,0
699,13,23,1.0,0.0,0
700,13,24,1.0,0.0,0
701,13,25,1.0,0.0,0
702,13,26,1.0,0.0,0
703,13,27,1.0,0.0,0
704,13,28,1.0,0.0,0
705,13,29,1.0,0.0,0
706,13,30,1.0,0.0,0
707,13,31,1.0,0.0,0
708,13,32,1.0,0.0,0
709,13,33,1.0,0.0,0
710,13,34,1.0,0.0,0
711,13,35,1.0,0.0,0
712,13,36,1.0,0.0,0
713,13,37,1.0,0.0,0
714,13,38,1.0,0.0,0
715,13,39,1.0,0.0,0
716,13,40,1.0,0.0,0
717,13,41,1.0,0.0,0
718,13,42,1.0,0.0,0
719,13,43,1.0,0.0,0
720,13,44,1.0,0.0,0
721,13,45,1.0,0.0,0
722,13,46,1.0,0.0,0
723,13,47,1.0,0.0,0
724,13,48,0.9999950760327023,4.923967297730476e-06,1
725,13,49,1.0,0.0,0
726,13,50,1.0,0.0,0
727,13,51,1.0,0.0,0
728,14,0,1.0,0.0,0
729,14,1,1.0,0.0,0
730,14,2,1.0,0.0,0
731,14,3,1.0,0.0,0
732,14,4,1.0,0.0,0
733,14,5,1.0,0.0,0
734,14,6,1.0,0.0,0
735,14,7,1.0,0.0,0
736,14,8,1.0,0.0,0
737,14,9,1.0,0.0,0
738,14,10,1.0,0.0,0
739,14,11,1.0,0.0,0
740,14,12,1.0,0.0,0
741,14,13,1.0,0.0,0
742,14,14,1.0,0.0,0
743,14,15,1.0,0.0,0
744,14,16,1.0,0.0,0
745,14,17,1.0,0.0,0
746,14,18,1.0,0.0,0
747,14,19,1.0,0.0,0
748,14,20,1.0,0.0,0
749,14,21,1.0,0.0,0
750,14,22,1.0,0.0,0
751,14,23,0.9999950760327023,4.923967297730476e-06,1
752,14,24,1.0,0.0,0
753,14,25,1.0,0.0,0
754,14,26,1.0,0.0,0
755,14,27,1.0,0.0,0
756,14,28,1.0,0.0,0
757,14,29,1.0,0.0,0
758,14,30,1.0,0.0,0
759,14,31,1.0,0.0,0
760,14,32,1.0,0.0,0
761,14,33,1.0,0.0,0
762,14,34,1.0,0.0,0
763,14,35,1.0,0.0,0
764,14,36,1.0,0.0,0
765,14,37,1.0,0.0,0
766,14,38,1.0,0.0,0
767,14,39,1.0,0.0,0
768,14,40,1.0,0.0,0
769,14,41,1.0,0.0,0
770,14,42,1.0,0.0,0
771,14,43,1.0,0.0,0
772,14,44,1.0,0.0,0
773,14,45,1.0,0.0,0
774,14,46,1.0,0.0,0
775,14,47,1.0,0.0,0
776,14,48,1.0,0.0,0
777,14,49,1.0,0.0,0
778,14,50,1.0,0.0,0
779,14,51,1.0,0.0,0
780,15,0,1.0,0.0,0
781,15,1,1.0,0.0,0
782,15,2,1.0,0.0,0
783,15,3,1.0,0.0,0
784,15,4,1.0,0.0,0
785,15,5,1.0,0.0,0
786,15,6,0.9999950760327023,4.923967297730476e-06,1
787,15,7,1.0,0.0,0
788,15,8,1.0,0.0,0
789,15,9,1.0,0.0,0
790,15,10,1.0,0.0,0
791,15,11,1.0,0.0,0
792,15,12,1.0,0.0,0
793,15,13,1.0,0.0,0
794,15,14,1.0,0.0,0
795,15,15,0.9999950760327023,4.923967297730476e-06,1
796,15,16,1.0,0.0,0
797,15,17,1.0,0.0,0
798,15,18,1.0,0.0,0
799,15,19,1.0,0.0,0
800,15,20,1.0,0.0,0
801,15,21,1.0,0.0,0
802,15,22,1.0,0.0,0
803,15,23,1.0,0.0,0
804,15,24,1.0,0.0,0
805,15,25,1.0,0.0,0
806,15,26,1.0,0.0,0
807,15,27,1.0,0.0,0
808,15,28,1.0,0.0,0
809,15,29,1.0,0.0,0
810,15,30,1.0,0.0,0
811,15,31,1.0,0.0,0
812,15,32,1.0,0.0,0
813,15,33,1.0,0.0,0
814,15,34,1.0,0.0,0
815,15,35,1.0,0.0,0
816,15,36,1.0,0.0,0
817,15,37,1.0,0.0,0
818,15,38,1.0,0.0,0
819,15,39,1.0,0.0,0
820,15,40,1.0,0.0,0
821,15,41,1.0,0.0,0
822,15,42,1.0,0.0,0
823,15,43,1.0,0.0,0
824,15,44,1.0,0.0,0
825,15,45,1.0,0.0,0
826,15,46,1.0,0.0,0
827,15,47,1.0,0.0,0
828,15,48,1.0,0.0,0
829,15,49,1.0,0.0,0
830,15,50,1.0,0.0,0
831,15,51,1.0,0.0,0
832,16,0,1.0,0.0,0
833,16,1,1.0,0.0,0
834,16,2,1.0,0.0,0
835,16,3,1.0,0.0,0
836,16,4,1.0,0.0,0
837,16,5,1.0,0.0,0
838,16,6,1.0,0.0,0
839,16,7,1.0,0.0,0
840,16,8,1.0,0.0,0
841,16,9,1.0,0.0,0
842,16,10,1.0,0.0,0
843,16,11,1.0,0.0,0
844,16,12,1.0,0.0,0
845,16,13,1.0,0.0,0
846,16,14,1.0,0.0,0
847,16,15,1.0,0.0,0
848,16,16,1.0,0.0,0
849,16,17,1.0,0.0,0
850,16,18,1.0,0.0,0
851,16,19,1.0,0.0,0
852,16,20,1.0,0.0,0
853,16,21,1.0,0.0,0
854,16,22,1.0,0.0,0
855,16,23,1.0,0.0,0
856,16,24,1.0,0.0,0
857,16,25,1.0,0.0,0
858,16,26,1.0,0.0,0
859,16,27,1.0,0.0,0
860,16,28,1.0,0.0,0
861,16,29,1.0,0.0,0
862,16,30,1.0,0.0,0
863,16,31,1.0,0.0,0
864,16,32,1.0,0.0,0
865,16,33,0.9999950760327023,4.923967297730476e-06,1
866,16,34,1.0,0.0,0
867,16,35,1.0,0.0,0
868,16,36,1.0,0.0,0
869,16,37,1.0,0.0,0
870,16,38,1.0,0.0,0
871,16,39,1.0,0.0,0
872,16,40,1.0,0.0,0
873,16,41,1.0,0.0,0
874,16,42,1.0,0.0,0
875,16,43,1.0,0.0,0
876,16,44,1.0,0.0,0
877,16,45,1.0,0.0,0
878,16,46,1.0,0.0,0
879,16,47,1.0,0.0,0
880,16,48,1.0,0.0,0
881,16,49,1.0,0.0,0
882,16,50,1.0,0.0,0
883,16,51,1.0,0.0,0
884,17,0,1.0,0.0,0
885,17,1,1.0,0.0,0
886,17,2,1.0,0.0,0
887,17,3,0.9999950760327023,4.923967297730476e-06,1
888,17,4,1.0,0.0,0
889,17,5,1.0,0.0,0
890,17,6,1.0,0.0,0
891,17,7,1.0,0.0,0
892,17,8,1.0,0.0,0
893,17,9,1.0,0.0,0
894,17,10,1.0,0.0,0
895,17,11,1.0,0.0,0
896,17,12,1.0,0.0,0
897,17,13,1.0,0.0,0
898,17,14,1.0,0.0,0
899,17,15,1.0,0.0,0
900,17,16,1.0,0.0,0
901,17,17,1.0,0.0,0
902,17,18,1.0,0.0,0
903,17,19,1.0,0.0,0
904,17,20,1.0,0.0,0
905,17,21,1.0,0.0,0
906,17,22,1.0,0.0,0
907,17,23,1.0,0.0,0
908,17,24,1.0,0.0,0
909,17,25,1.0,0.0,0
910,17,26,1.0,0.0,0
911,17,27,1.0,0.0,0
912,17,28,1.0,0.0,0
913,17,29,1.0,0.0,0
914,17,30,1.0,0.0,0
915,17,31,1.0,0.0,0
916,17,32,1.0,0.0,0
917,17,33,1.0,0.0,0
918,17,34,1.0,0.0,0
919,17,35,1.0,0.0,0
920,17,36,1.0,0.0,0
921,17,37,1.0,0.0,0
922,17,38,1.0,0.0,0
923,17,39,1.0,0.0,0
924,17,40,1.0,0.0,0
925,17,41,1.0,0.0,0
926,17,42,1.0,0.0,0
927,17,43,1.0,0.0,0
928,17,44,1.0,0.0,0
929,17,45,1.0,0.0,0
930,17,46,1.0,0.0,0
931,17,47,1.0,0.0,0
932,17,48,1.0,0.0,0
933,17,49,1.0,0.0,0
934,17,50,1.0,0.0,0
935,17,51,1.0,0.0,0
936,18,0,1.0,0.0,0
937,18,1,1.0,0.0,0
938,18,2,1.0,0.0,0
939,18,3,1.0,0.0,0
940,18,4,1.0,0.0,0
941,18,5,1.0,0.0,0
942,18,6,1.0,0.0,0
943,18,7,1.0,0.0,0
944,18,8,1.0,0.0,0
945,18,9,0.9999951120456023,4.887954397715313e-06,1
946,18,10,1.0,0.0,0
947,18,11,1.0,0.0,0
948,18,12,1.0,0.0,0
949,18,13,1.0,0.0,0
950,18,14,1.0,0.0,0
951,18,15,1.0,0.0,0
952,18,16,1.0,0.0,0
953,18,17,1.0,0.0,0
954,18,18,1.0,0.0,0
955,18,19,1.0,0.0,0
956,18,20,1.0,0.0,0
957,18,21,1.0,0.0,0
958,18,22,1.0,0.0,0
959,18,23,1.0,0.0,0
960,18,24,1.0,0.0,0
961,18,25,1.0,0.0,0
962,18,26,1.0,0.0,0
963,18,27,1.0,0.0,0
964,18,28,1.0,0.0,0
965,18,29,1.0,0.0,0
966,18,30,1.0,0.0,0
967,18,31,1.0,0.0,0
968,18,32,1.0,0.0,0
969,18,33,1.0,0.0,0
970,18,34,1.0,0.0,0
971,18,35,1.0,0.0,0
972,18,36,1.0,0.0,0
973,18,37,1.0,0.0,0
974,18,38,1.0,0.0,0
975,18,39,1.0,0.0,0
976,18,40,1.0,0.0,0
977,18,41,1.0,0.0,0
978,18,42,1.0,0.0,0
979,18,43,1.0,0.0,0
980,18,44,1.0,0.0,0
981,18,45,1.0,0.0,0
982,18,46,1.0,0.0,0
983,18,47,1.0,0.0,0
984,18,48,1.0,0.0,0
985,18,49,1.0,0.0,0
986,18,50,1.0,0.0,0
987,18,51,1.0,0.0,0
988,19,0,1.0,0.0,0
989,19,1,1.0,0.0,0
990,19,2,1.0,0.0,0
991,19,3,1.0,0.0,0
992,19,4,1.0,0.0,0
993,19,5,1.0,0.0,0
994,19,6,1.0,0.0,0
995,19,7,1.0,0.0,0
996,19,8,1.0,0.0,0
997,19,9,1.0,0.0,0
998,19,10,1.0,0.0,0
999,19,11,1.0,0.0,0
1000,19,12,1.0,0.0,0
1001,19,13,0.9999950760327023,4.923967297730476e-06,1
1002,19,14,1.0,0.0,0
1003,19,15,1.0,0.0,0
1004,19,16,1.0,0.0,0
1005,19,17,1.0,0.0,0
1006,19,18,1.0,0.0,0
1007,19,19,1.0,0.0,0
1008,19,20,1.0,0.0,0
1009,19,21,1.0,0.0,0
1010,19,22,1.0,0.0,0
1011,19,23,1.0,0.0,0
1012,19,24,1.0,0.0,0
1013,19,25,1.0,0.0,0
1014,19,26,1.0,0.0,0
1015,19,27,1.0,0.0,0
1016,19,28,1.0,0.0,0
1017,19,29,1.0,0.0,0
1018,19,30,1.0,0.0,0
1019,19,31,1.0,0.0,0
1020,19,32,1.0,0.0,0
1021,19,33,1.0,0.0,0
1022,19,34,1.0,0.0,0
1023,19,35,1.0,0.0,0
1024,19,36,1.0,0.0,0
1025,19,37,1.0,0.0,0
1026,19,38,1.0,0.0,0
1027,19,39,1.0,0.0,0
1028,19,40,1.0,0.0,0
1029,19,41,1.0,0.0,0
1030,19,42,1.0,0.0,0
1031,19,43,1.0,0.0,0
1032,19,44,1.0,0.0,0
1033,19,45,1.0,0.0,0
1034,19,46,1.0,0.0,0
1035,19,47,1.0,0.0,0
1036,19,48,1.0,0.0,0
1037,19,49,1.0,0.0,0
1038,19,50,1.0,0.0,0
1039,19,51,1.0,0.0,0
1040,20,0,1.0,0.0,0
1041,20,1,1.0,0.0,0
1042,20,2,1.0,0.0,0
1043,20,3,1.0,0.0,0
1044,20,4,1.0,0.0,0
1045,20,5,1.0,0.0,0
1046,20,6,1.0,0.0,0
1047,20,7,1.0,0.0,0
1048,20,8,1.0,0.0,0
1049,20,9,1.0,0.0,0
1050,20,10,1.0,0.0,0
1051,20,11,1.0,0.0,0
1052,20,12,1.0,0.0,0
1053,20,13,1.0,0.0,0
1054,20,14,1.0,0.0,0
1055,20,15,1.0,0.0,0
1056,20,16,1.0,0.0,0
1057,20,17,1.0,0.0,0
1058,20,18,1.0,0.0,0
1059,20,19,1.0,0.0,0
1060,20,20,1.0,0.0,0
1061,20,21,1.0,0.0,0
1062,20,22,1.0,0.0,0
1063,20,23,1.0,0.0,0
1064,20,24,1.0,0.0,0
1065,20,25,1.0,0.0,0
1066,20,26,1.0,0.0,0
1067,20,27,1.0,0.0,0
1068,20,28,1.0,0.0,0
1069,20,29,1.0,0.0,0
1070,20,30,1.0,0.0,0
1071,20,31,1.0,0.0,0
1072,20,32,1.0,0.0,0
1073,20,33,1.0,0.0,0
1074,20,34,1.0,0.0,0
1075,20,35,1.0,0.0,0
1076,20,36,1.0,0.0,0
1077,20,37,1.0,0.0,0
1078,20,38,1.0,0.0,0
1079,20,39,1.0,0.0,0
1080,20,40,0.9999950760327023,4.923967297730476e-06,1
1081,20,41,1.0,0.0,0
1082,20,42,1.0,0.0,0
1083,20,43,1.0,0.0,0
1084,20,44,1.0,0.0,0
1085,20,45,1.0,0.0,0
1086,20,46,1.0,0.0,0
1087,20,47,1.0,0.0,0
1088,20,48,1.0,0.0,0
1089,20,49,1.0,0.0,0
1090,20,50,1.0,0.0,0
1091,20,51,1.0,0.0,0
1092,21,0,1.0,0.0,0
1093,21,1,0.9999950760327023,4.923967297730476e-06,1
1094,21,2,1.0,0.0,0
1095,21,3,1.0,0.0,0
1096,21,4,1.0,0.0,0
1097,21,5,1.0,0.0,0
1098,21,6,1.0,0.0,0
1099,21,7,1.0,0.0,0
1100,21,8,1.0,0.0,0
1101,21,9,1.0,0.0,0
1102,21,10,0.9999950760327023,4.923967297730476e-06,1
1103,21,11,1.0,0.0,0
1104,21,12,1.0,0.0,0
1105,21,13,1.0,0.0,0
1106,21,14,1.0,0.0,0
1107,21,15,1.0,0.0,0
1108,21,16,1.0,0.0,0
1109,21,17,1.0,0.0,0
1110,21,18,1.0,0.0,0
1111,21,19,1.0,0.0,0
1112,21,20,1.0,0.0,0
1113,21,21,1.0,0.0,0
1114,21,22,1.0,0.0,0
1115,21,23,1.0,0.0,0
1116,21,24,1.0,0.0,0
1117,21,25,1.0,0.0,0
1118,21,26,1.0,0.0,0
1119,21,27,1.0,0.0,0
1120,21,28,1.0,0.0,0
1121,21,29,1.0,0.0,0
1122,21,30,1.0,0.0,0
1123,21,31,1.0,0.0,0
1124,21,32,1.0,0.0,0
1125,21,33,1.0,0.0,0
1126,21,34,1.0,0.0,0
1127,21,35,1.0,0.0,0
1128,21,36,1.0,0.0,0
1129,21,37,1.0,0.0,0
1130,21,38,1.0,0.0,0
1131,21,39,0.9999951120456023,4.887954397715313e-06,1
1132,21,40,1.0,0.0,0
1133,21,41,1.0,0.0,0
1134,21,42,1.0,0.0,0
1135,21,43,1.0,0.0,0
1136,21,44,1.0,0.0,0
1137,21,45,1.0,0.0,0
1138,21,46,1.0,0.0,0
1139,21,47,1.0,0.0,0
1140,21,48,1.0,0.0,0
1141,21,49,1.0,0.0,0
1142,21,50,1.0,0.0,0
1143,21,51,1.0,0.0,0
1144,22,0,1.0,0.0,0
1145,22,1,1.0,0.0,0
1146,22,2,1.0,0.0,0
1147,22,3,1.0,0.0,0
1148,22,4,1.0,0.0,0
1149,22,5,1.0,0.0,0
1150,22,6,1.0,0.0,0
1151,22,7,1.0,0.0,0
1152,22,8,1.0,0.0,0
1153,22,9,1.0,0.0,0
1154,22,10,1.0,0.0,0
1155,22,11,1.0,0.0,0
1156,22,12,1.0,0.0,0
1157,22,13,1.0,0.0,0
1158,22,14,1.0,0.0,0
1159,22,15,1.0,0.0,0
1160,22,16,1.0,0.0,0
1161,22,17,1.0,0.0,0
1162,22,18,1.0,0.0,0
1163,22,19,1.0,0.0,0
1164,22,20,1.0,0.0,0
1165,22,21,1.0,0.0,0
1166,22,22,1.0,0.0,0
1167,22,23,1.0,0.0,0
1168,22,24,1.0,0.0,0
1169,22,25,1.0,0.0,0
1170,22,26,1.0,0.0,0
1171,22,27,1.0,0.0,0
1172,22,28,0.9999950760327023,4.923967297730476e-06,1
1173,22,29,1.0,0.0,0
1174,22,30,1.0,0.0,0
1175,22,31,1.0,0.0,0
1176,22,32,1.0,0.0,0
1177,22,33,1.0,0.0,0
1178,22,34,1.0,0.0,0
1179,22,35,1.0,0.0,0
1180,22,36,1.0,0.0,0
1181,22,37,1.0,0.0,0
1182,22,38,1.0,0.0,0
1183,22,39,1.0,0.0,0
1184,22,40,1.0,0.0,0
1185,22,41,1.0,0.0,0
1186,22,42,1.0,0.0,0
1187,22,43,1.0,0.0,0
1188,22,44,1.0,0.0,0
1189,22,45,0.9999950760327023,4.923967297730476e-06,1
1190,22,46,1.0,0.0,0
1191,22,47,1.0,0.0,0
1192,22,48,1.0,0.0,0
1193,22,49,1.0,0.0,0
1194,22,50,1.0,0.0,0
1195,22,51,1.0,0.0,0
1196,23,0,1.0,0.0,0
1197,23,1,1.0,0.0,0
1198,23,2,1.0,0.0,0
1199,23,3,1.0,0.0,0
1200,23,4,1.0,0.0,0
1201,23,5,1.0,0.0,0
1202,23,6,1.0,0.0,0
1203,23,7,1.0,0.0,0
1204,23,8,1.0,0.0,0
1205,23,9,1.0,0.0,0
1206,23,10,1.0,0.0,0
1207,23,11,1.0,0.0,0
1208,23,12,1.0,0.0,0
1209,23,13,1.0,0.0,0
1210,23,14,1.0,0.0,0
1211,23,15,1.0,0.0,0
1212,23,16,1.0,0.0,0
1213,23,17,1.0,0.0,0
1214,23,18,1.0,0.0,0
1215,23,19,1.0,0.0,0
1216,23,20,0.9999950760327023,4.923967297730476e-06,1
1217,23,21,1.0,0.0,0
1218,23,22,1.0,0.0,0
1219,23,23,1.0,0.0,0
1220,23,24,1.0,0.0,0
1221,23,25,1.0,0.0,0
1222,23,26,1.0,0.0,0
1223,23,27,1.0,0.0,0
1224,23,28,1.0,0.0,0
1225,23,29,1.0,0.0,0
1226,23,30,1.0,0.0,0
1227,23,31,1.0,0.0,0
1228,23,32,1.0,0.0,0
1229,23,33,1.0,0.0,0
1230,23,34,1.0,0.0,0
1231,23,35,1.0,0.0,0
1232,23,36,1.0,0.0,0
1233,23,37,1.0,0.0,0
1234,23,38,1.0,0.0,0
1235,23,39,1.0,0.0,0
1236,23,40,1.0,0.0,0
1237,23,41,1.0,0.0,0
1238,23,42,1.0,0.0,0
1239,23,43,1.0,0.0,0
1240,23,44,1.0,0.0,0
1241,23,45,1.0,0.0,0
1242,23,46,1.0,0.0,0
1243,23,47,1.0,0.0,0
1244,23,48,1.0,0.0,0
1245,23,49,1.0,0.0,0
1246,23,50,1.0,0.0,0
1247,23,51,1.0,0.0,0
1248,24,0,1.0,0.0,0
1249,24,1,1.0,0.0,0
1250,24,2,1.0,0.0,0
1251,24,3,1.0,0.0,0
1252,24,4,1.0,0.0,0
1253,24,5,1.0,0.0,0
1254,24,6,1.0,0.0,0
1255,24,7,1.0,0.0,0
1256,24,8,1.0,0.0,0
1257,24,9,1.0,0.0,0
1258,24,10,1.0,0.0,0
1259,24,11,1.0,0.0,0
1260,24,12,1.0,0.0,0
1261,24,13,1.0,0.0,0
1262,24,14,1.0,0.0,0
1263,24,15,1.0,0.0,0
1264,24,16,1.0,0.0,0
1265,24,17,1.0,0.0,0
1266,24,18,1.0,0.0,0
1267,24,19,1.0,0.0,0
1268,24,20,1.0,0.0,0
1269,24,21,1.0,0.0,0
1270,24,22,1.0,0.0,0
1271,24,23,1.0,0.0,0
1272,24,24,1.0,0.0,0
1273,24,25,1.0,0.0,0
1274,24,26,1.0,0.0,0
1275,24,27,1.0,0.0,0
1276,24,28,1.0,0.0,0
1277,24,29,1.0,0.0,0
1278,24,30,1.0,0.0,0
1279,24,31,1.0,0.0,0
1280,24,32,1.0,0.0,0
1281,24,33,0.9999950760327023,4.923967297730476e-06,1
1282,24,34,1.0,0.0,0
1283,24,35,1.0,0.0,0
1284,24,36,1.0,0.0,0
1285,24,37,1.0,0.0,0
1286,24,38,1.0,0.0,0
1287,24,39,1.0,0.0,0
1288,24,40,1.0,0.0,0
1289,24,41,1.0,0.0,0
1290,24,42,1.0,0.0,0
1291,24,43,1.0,0.0,0
1292,24,44,1.0,0.0,0
1293,24,45,1.0,0.0,0
1294,24,46,1.0,0.0,0
1295,24,47,1.0,0.0,0
1296,24,48,1.0,0.0,0
1297,24,49,1.0,0.0,0
1298,24,50,1.0,0.0,0
1299,24,51,1.0,0.0,0
1300,25,0,1.0,0.0,0
1301,25,1,1.0,0.0,0
1302,25,2,1.0,0.0,0
1303,25,3,1.0,0.0,0
1304,25,4,1.0,0.0,0
1305,25,5,1.0,0.0,0
1306,25,6,1.0,0.0,0
1307,25,7,1.0,0.0,0
1308,25,8,0.9999950760327023,4.923967297730476e-06,1
1309,25,9,1.0,0.0,0
1310,25,10,1.0,0.0,0
1311,25,11,1.0,0.0,0
1312,25,12,1.0,0.0,0
1313,25,13,1.0,0.0,0
1314,25,14,1.0,0.0,0
1315,25,15,1.0,0.0,0
1316,25,16,1.0,0.0,0
1317,25,17,1.0,0.0,0
1318,25,18,1.0,0.0,0
1319,25,19,1.0,0.0,0
1320,25,20,1.0,0.0,0
1321,25,21,1.0,0.0,0
1322,25,22,1.0,0.0,0
1323,25,23,1.0,0.0,0
1324,25,24,1.0,0.0,0
1325,25,25,1.0,0.0,0
1326,25,26,1.0,0.0,0
1327,25,27,1.0,0.0,0
1328,25,28,1.0,0.0,0
1329,25,29,1.0,0.0,0
1330,25,30,1.0,0.0,0
1331,25,31,1.0,0.0,0
1332,25,32,1.0,0.0,0
1333,25,33,1.0,0.0,0
1334,25,34,1.0,0.0,0
1335,25,35,1.0,0.0,0
1336,25,36,1.0,0.0,0
1337,25,37,1.0,0.0,0
1338,25,38,1.0,0.0,0
1339,25,39,1.0,0.0,0
1340,25,40,1.0,0.0,0
1341,25,41,1.0,0.0,0
1342,25,42,1.0,0.0,0
1343,25,43,1.0,0.0,0
1344,25,44,1.0,0.0,0
1345,25,45,1.0,0.0,0
1346,25,46,1.0,0.0,0
1347,25,47,1.0,0.0,0
1348,25,48,1.0,0.0,0
1349,25,49,1.0,0.0,0
1350,25,50,1.0,0.0,0
1351,25,51,1.0,0.0,0
1352,26,0,1.0,0.0,0
1353,26,1,1.0,0.0,0
1354,26,2,1.0,0.0,0
1355,26,3,1.0,0.0,0
1356,26,4,1.0,0.0,0
1357,26,5,1.0,0.0,0
1358,26,6,1.0,0.0,0
1359,26,7,1.0,0.0,0
1360,26,8,1.0,0.0,0
1361,26,9,1.0,0.0,0
1362,26,10,1.0,0.0,0
1363,26,11,1.0,0.0,0
1364,26,12,1.0,0.0,0
1365,26,13,1.0,0.0,0
1366,26,14,1.0,0.0,0
1367,26,15,1.0,0.0,0
1368,26,16,1.0,0.0,0
1369,26,17,1.0,0.0,0
1370,26,18,1.0,0.0,0
1371,26,19,1.0,0.0,0
1372,26,20,1.0,0.0,0
1373,26,21,1.0,0.0,0
1374,26,22,1.0,0.0,0
1375,26,23,1.0,0.0,0
1376,26,24,1.0,0.0,0
1377,26,25,1.0,0.0,0
1378,26,26,1.0,0.0,0
1379,26,27,1.0,0.0,0
1380,26,28,1.0,0.0,0
1381,26,29,1.0,0.0,0
1382,26,30,1.0,0.0,0
1383,26,31,1.0,0.0,0
1384,26,32,1.0,0.0,0
1385,26,33,1.0,0.0,0
1386,26,34,1.0,0.0,0
1387,26,35,0.9999950760327023,4.923967297730476e-06,1
1388,26,36,1.0,0.0,0
1389,26,37,1.0,0.0,0
1390,26,38,1.0,0.0,0
1391,26,39,1.0,0.0,0
1392,26,40,1.0,0.0,0
1393,26,41,1.0,0.0,0
1394,26,42,1.0,0.0,0
1395,26,43,0.9999950760327023,4.923967297730476e-06,1
1396,26,44,1.0,0.0,0
1397,26,45,1.0,0.0,0
1398,26,46,1.0,0.0,0
1399,26,47,1.0,0.0,0
1400,26,48,1.0,0.0,0
1401,26,49,1.0,0.0,0
1402,26,50,1.0,0.0,0
1403,26,51,1.0,0.0,0
1404,27,0,1.0,0.0,0
1405,27,1,1.0,0.0,0
1406,27,2,1.0,0.0,0
1407,27,3,1.0,0.0,0
1408,27,4,1.0,0.0,0
1409,27,5,1.0,0.0,0
1410,27,6,1.0,0.0,0
1411,27,7,1.0,0.0,0
1412,27,8,1.0,0.0,0
1413,27,9,1.0,0.0,0
1414,27,10,1.0,0.0,0
1415,27,11,1.0,0.0,0
1416,27,12,1.0,0.0,0
1417,27,13,0.9999950760327023,4.923967297730476e-06,1
1418,27,14,1.0,0.0,0
1419,27,15,1.0,0.0,0
1420,27,16,1.0,0.0,0
1421,27,17,1.0,0.0,0
1422,27,18,0.9999950760327023,4.923967297730476e-06,1
1423,27,19,1.0,0.0,0
1424,27,20,1.0,0.0,0
1425,27,21,1.0,0.0,0
1426,27,22,1.0,0.0,0
1427,27,23,1.0,0.0,0
1428,27,24,1.0,0.0,0
1429,27,25,1.0,0.0,0
1430,27,26,1.0,0.0,0
1431,27,27,1.0,0.0,0
1432,27,28,0.9999950910487518,4.908951248187867e-06,1
1433,27,29,1.0,0.0,0
1434,27,30,1.0,0.0,0
1435,27,31,1.0,0.0,0
1436,27,32,1.0,0.0,0
1437,27,33,1.0,0.0,0
1438,27,34,1.0,0.0,0
1439,27,35,1.0,0.0,0
1440,27,36,1.0,0.0,0
1441,27,37,1.0,0.0,0
1442,27,38,1.0,0.0,0
1443,27,39,1.0,0.0,0
1444,27,40,1.0,0.0,0
1445,27,41,1.0,0.0,0
1446,27,42,1.0,0.0,0
1447,27,43,1.0,0.0,0
1448,27,44,1.0,0.0,0
1449,27,45,1.0,0.0,0
1450,27,46,1.0,0.0,0
1451,27,47,1.0,0.0,0
1452,27,48,1.0,0.0,0
1453,27,49,1.0,0.0,0
1454,27,50,1.0,0.0,0
1455,27,51,1.0,0.0,0
1456,28,0,1.0,0.0,0
1457,28,1,1.0,0.0,0
1458,28,2,1.0,0.0,0
1459,28,3,0.9999950910487518,4.908951248187867e-06,1
1460,28,4,1.0,0.0,0
1461,28,5,1.0,0.0,0
1462,28,6,1.0,0.0,0
1463,28,7,1.0,0.0,0
1464,28,8,1.0,0.0,0
1465,28,9,1.0,0.0,0
1466,28,10,1.0,0.0,0
1467,28,11,1.0,0.0,0
1468,28,12,1.0,0.0,0
1469,28,13,1.0,0.0,0
1470,28,14,1.0,0.0,0
1471,28,15,1.0,0.0,0
1472,28,16,1.0,0.0,0
1473,28,17,0.9999951120456023,4.887954397715313e-06,1
1474,28,18,1.0,0.0,0
1475,28,19,1.0,0.0,0
1476,28,20,1.0,0.0,0
1477,28,21,1.0,0.0,0
1478,28,22,0.9999951389976722,4.861002327740798e-06,1
1479,28,23,1.0,0.0,0
1480,28,24,1.0,0.0,0
1481,28,25,1.0,0.0,0
1482,28,26,1.0,0.0,0
1483,28,27,1.0,0.0,0
1484,28,28,1.0,0.0,0
1485,28,29,1.0,0.0,0
1486,28,30,1.0,0.0,0
1487,28,31,1.0,0.0,0
1488,28,32,1.0,0.0,0
1489,28,33,1.0,0.0,0
1490,28,34,1.0,0.0,0
1491,28,35,1.0,0.0,0
1492,28,36,0.9999951389976722,4.861002327740798e-06,1
1493,28,37,1.0,0.0,0
1494,28,38,1.0,0.0,0
1495,28,39,1.0,0.0,0
1496,28,40,0.9999950760327023,4.923967297730476e-06,1
1497,28,41,1.0,0.0,0
1498,28,42,1.0,0.0,0
1499,28,43,1.0,0.0,0
1500,28,44,1.0,0.0,0
1501,28,45,1.0,0.0,0
1502,28,46,1.0,0.0,0
1503,28,47,1.0,0.0,0
1504,28,48,1.0,0.0,0
1505,28,49,1.0,0.0,0
1506,28,50,1.0,0.0,0
1507,28,51,1.0,0.0,0
1508,29,0,1.0,0.0,0
1509,29,1,1.0,0.0,0
1510,29,2,1.0,0.0,0
1511,29,3,1.0,0.0,0
1512,29,4,1.0,0.0,0
1513,29,5,1.0,0.0,0
1514,29,6,1.0,0.0,0
1515,29,7,1.0,0.0,0
1516,29,8,1.0,0.0,0
1517,29,9,1.0,0.0,0
1518,29,10,1.0,0.0,0
1519,29,11,1.0,0.0,0
1520,29,12,1.0,0.0,0
1521,29,13,1.0,0.0,0
1522,29,14,1.0,0.0,0
1523,29,15,0.9999950760327023,4.923967297730476e-06,1
1524,29,16,1.0,0.0,0
1525,29,17,1.0,0.0,0
1526,29,18,1.0,0.0,0
1527,29,19,1.0,0.0,0
1528,29,20,1.0,0.0,0
1529,29,21,1.0,0.0,0
1530,29,22,1.0,0.0,0
1531,29,23,1.0,0.0,0
1532,29,24,1.0,0.0,0
1533,29,25,1.0,0.0,0
1534,29,26,1.0,0.0,0
1535,29,27,1.0,0.0,0
1536,29,28,1.0,0.0,0
1537,29,29,1.0,0.0,0
1538,29,30,1.0,0.0,0
1539,29,31,1.0,0.0,0
1540,29,32,1.0,0.0,0
1541,29,33,1.0,0.0,0
1542,29,34,1.0,0.0,0
1543,29,35,1.0,0.0,0
1544,29,36,0.9999950760327023,4.923967297730476e-06,1
1545,29,37,1.0,0.0,0
1546,29,38,1.0,0.0,0
1547,29,39,1.0,0.0,0
1548,29,40,1.0,0.0,0
1549,29,41,1.0,0.0,0
1550,29,42,1.0,0.0,0
1551,29,43,1.0,0.0,0
1552,29,44,1.0,0.0,0
1553,29,45,0.9999950760327023,4.923967297730476e-06,1
1554,29,46,1.0,0.0,0
1555,29,47,1.0,0.0,0
1556,29,48,1.0,0.0,0
1557,29,49,1.0,0.0,0
1558,29,50,1.0,0.0,0
1559,29,51,1.0,0.0,0
1560,30,0,1.0,0.0,0
1561,30,1,1.0,0.0,0
1562,30,2,1.0,0.0,0
1563,30,3,1.0,0.0,0
1564,30,4,1.0,0.0,0
1565,30,5,1.0,0.0,0
1566,30,6,1.0,0.0,0
1567,30,7,1.0,0.0,0
1568,30,8,1.0,0.0,0
1569,30,9,1.0,0.0,0
1570,30,10,1.0,0.0,0
1571,30,11,1.0,0.0,0
1572,30,12,1.0,0.0,0
1573,30,13,1.0,0.0,0
1574,30,14,1.0,0.0,0
1575,30,15,1.0,0.0,0
1576,30,16,1.0,0.0,0
1577,30,17,1.0,0.0,0
1578,30,18,1.0,0.0,0
1579,30,19,1.0,0.0,0
1580,30,20,1.0,0.0,0
1581,30,21,1.0,0.0,0
1582,30,22,1.0,0.0,0
1583,30,23,1.0,0.0,0
1584,30,24,1.0,0.0,0
1585,30,25,1.0,0.0,0
1586,30,26,1.0,0.0,0
1587,30,27,1.0,0.0,0
1588,30,28,1.0,0.0,0
1589,30,29,1.0,0.0,0
1590,30,30,1.0,0.0,0
1591,30,31,1.0,0.0,0
1592,30,32,1.0,0.0,0
1593,30,33,1.0,0.0,0
1594,30,34,1.0,0.0,0
1595,30,35,1.0,0.0,0
1596,30,36,1.0,0.0,0
1597,30,37,1.0,0.0,0
1598,30,38,1.0,0.0,0
1599,30,39,1.0,0.0,0
1600,30,40,1.0,0.0,0
1601,30,41,1.0,0.0,0
1602,30,42,1.0,0.0,0
1603,30,43,1.0,0.0,0
1604,30,44,1.0,0.0,0
1605,30,45,1.0,0.0,0
1606,30,46,1.0,0.0,0
1607,30,47,1.0,0.0,0
1608,30,48,1.0,0.0,0
1609,30,49,1.0,0.0,0
1610,30,50,1.0,0.0,0
1611,30,51,1.0,0.0,0
1612,31,0,1.0,0.0,0
1613,31,1,1.0,0.0,0
1614,31,2,1.0,0.0,0
1615,31,3,1.0,0.0,0
1616,31,4,1.0,0.0,0
1617,31,5,1.0,0.0,0
1618,31,6,1.0,0.0,0
1619,31,7,1.0,0.0,0
1620,31,8,1.0,0.0,0
1621,31,9,1.0,0.0,0
1622,31,10,1.0,0.0,0
1623,31,11,1.0,0.0,0
1624,31,12,1.0,0.0,0
1625,31,13,1.0,0.0,0
1626,31,14,1.0,0.0,0
1627,31,15,1.0,0.0,0
1628,31,16,1.0,0.0,0
1629,31,17,1.0,0.0,0
1630,31,18,1.0,0.0,0
1631,31,19,1.0,0.0,0
1632,31,20,1.0,0.0,0
1633,31,21,1.0,0.0,0
1634,31,22,1.0,0.0,0
1635,31,23,1.0,0.0,0
1636,31,24,1.0,0.0,0
1637,31,25,1.0,0.0,0
1638,31,26,0.9999950760327023,4.923967297730476e-06,1
1639,31,27,1.0,0.0,0
1640,31,28,1.0,0.0,0
1641,31,29,1.0,0.0,0
1642,31,30,1.0,0.0,0
1643,31,31,1.0,0.0,0
1644,31,32,1.0,0.0,0
1645,31,33,1.0,0.0,0
1646,31,34,1.0,0.0,0
1647,31,35,1.0,0.0,0
1648,31,36,1.0,0.0,0
1649,31,37,1.0,0.0,0
1650,31,38,1.0,0.0,0
1651,31,39,1.0,0.0,0
1652,31,40,1.0,0.0,0
1653,31,41,1.0,0.0,0
1654,31,42,1.0,0.0,0
1655,31,43,1.0,0.0,0
1656,31,44,1.0,0.0,0
1657,31,45,1.0,0.0,0
1658,31,46,1.0,0.0,0
1659,31,47,1.0,0.0,0
1660,31,48,0.9999950760327023,4.923967297730476e-06,1
1661,31,49,1.0,0.0,0
1662,31,50,1.0,0.0,0
1663,31,51,1.0,0.0,0
1664,32,0,0.9999951120456023,4.887954397715313e-06,1
1665,32,1,0.9999950910487518,4.908951248187867e-06,1
1666,32,2,1.0,0.0,0
1667,32,3,1.0,0.0,0
1668,32,4,1.0,0.0,0
1669,32,5,1.0,0.0,0
1670,32,6,1.0,0.0,0
1671,32,7,1.0,0.0,0
1672,32,8,1.0,0.0,0
1673,32,9,1.0,0.0,0
1674,32,10,1.0,0.0,0
1675,32,11,1.0,0.0,0
1676,32,12,1.0,0.0,0
1677,32,13,1.0,0.0,0
1678,32,14,1.0,0.0,0
1679,32,15,1.0,0.0,0
1680,32,16,1.0,0.0,0
1681,32,17,1.0,0.0,0
1682,32,18,1.0,0.0,0
1683,32,19,1.0,0.0,0
1684,32,20,0.9999951389976722,4.861002327740798e-06,1
1685,32,21,1.0,0.0,0
1686,32,22,1.0,0.0,0
1687,32,23,1.0,0.0,0
1688,32,24,1.0,0.0,0
1689,32,25,1.0,0.0,0
1690,32,26,1.0,0.0,0
1691,32,27,1.0,0.0,0
1692,32,28,1.0,0.0,0
1693,32,29,1.0,0.0,0
1694,32,30,1.0,0.0,0
1695,32,31,1.0,0.0,0
1696,32,32,1.0,0.0,0
1697,32,33,1.0,0.0,0
1698,32,34,1.0,0.0,0
1699,32,35,1.0,0.0,0
1700,32,36,1.0,0.0,0
1701,32,37,1.0,0.0,0
1702,32,38,0.9999950910487518,4.908951248187867e-06,1
1703,32,39,1.0,0.0,0
1704,32,40,1.0,0.0,0
1705,32,41,1.0,0.0,0
1706,32,42,1.0,0.0,0
1707,32,43,1.0,0.0,0
1708,32,44,1.0,0.0,0
1709,32,45,1.0,0.0,0
1710,32,46,1.0,0.0,0
1711,32,47,1.0,0.0,0
1712,32,48,1.0,0.0,0
1713,32,49,1.0,0.0,0
1714,32,50,1.0,0.0,0
1715,32,51,1.0,0.0,0
1716,33,0,1.0,0.0,0
1717,33,1,1.0,0.0,0
1718,33,2,1.0,0.0,0
1719,33,3,1.0,0.0,0
1720,33,4,1.0,0.0,0
1721,33,5,1.0,0.0,0
1722,33,6,1.0,0.0,0
1723,33,7,1.0,0.0,0
1724,33,8,1.0,0.0,0
1725,33,9,0.9999951389976722,4.861002327740798e-06,1
1726,33,10,1.0,0.0,0
1727,33,11,1.0,0.0,0
1728,33,12,1.0,0.0,0
1729,33,13,0.9999950760327023,4.923967297730476e-06,1
1730,33,14,1.0,0.0,0
1731,33,15,1.0,0.0,0
1732,33,16,1.0,0.0,0
1733,33,17,1.0,0.0,0
1734,33,18,1.0,0.0,0
1735,33,19,1.0,0.0,0
1736,33,20,1.0,0.0,0
1737,33,21,1.0,0.0,0
1738,33,22,1.0,0.0,0
1739,33,23,1.0,0.0,0
1740,33,24,1.0,0.0,0
1741,33,25,1.0,0.0,0
1742,33,26,1.0,0.0,0
1743,33,27,1.0,0.0,0
1744,33,28,1.0,0.0,0
1745,33,29,1.0,0.0,0
1746,33,30,1.0,0.0,0
1747,33,31,1.0,0.0,0
1748,33,32,0.9999951718721248,4.828127875209939e-06,1
1749,33,33,1.0,0.0,0
1750,33,34,1.0,0.0,0
1751,33,35,1.0,0.0,0
1752,33,36,1.0,0.0,0
1753,33,37,1.0,0.0,0
1754,33,38,1.0,0.0,0
1755,33,39,1.0,0.0,0
1756,33,40,1.0,0.0,0
1757,33,41,1.0,0.0,0
1758,33,42,1.0,0.0,0
1759,33,43,1.0,0.0,0
1760,33,44,1.0,0.0,0
1761,33,45,1.0,0.0,0
1762,33,46,1.0,0.0,0
1763,33,47,1.0,0.0,0
1764,33,48,1.0,0.0,0
1765,33,49,1.0,0.0,0
1766,33,50,1.0,0.0,0
1767,33,51,1.0,0.0,0
1768,34,0,1.0,0.0,0
1769,34,1,1.0,0.0,0
1770,34,2,1.0,0.0,0
1771,34,3,1.0,0.0,0
1772,34,4,1.0,0.0,0
1773,34,5,1.0,0.0,0
1774,34,6,1.0,0.0,0
1775,34,7,1.0,0.0,0
1776,34,8,1.0,0.0,0
1777,34,9,1.0,0.0,0
1778,34,10,0.9999951389976722,4.861002327740798e-06,1
1779,34,11,1.0,0.0,0
1780,34,12,1.0,0.0,0
1781,34,13,1.0,0.0,0
1782,34,14,1.0,0.0,0
1783,34,15,1.0,0.0,0
1784,34,16,1.0,0.0,0
1785,34,17,1.0,0.0,0
1786,34,18,1.0,0.0,0
1787,34,19,1.0,0.0,0
1788,34,20,1.0,0.0,0
1789,34,21,1.0,0.0,0
1790,34,22,1.0,0.0,0
1791,34,23,1.0,0.0,0
1792,34,24,1.0,0.0,0
1793,34,25,1.0,0.0,0
1794,34,26,1.0,0.0,0
1795,34,27,1.0,0.0,0
1796,34,28,1.0,0.0,0
1797,34,29,1.0,0.0,0
1798,34,30,1.0,0.0,0
1799,34,31,1.0,0.0,0
1800,34,32,1.0,0.0,0
1801,34,33,1.0,0.0,0
1802,34,34,1.0,0.0,0
1803,34,35,1.0,0.0,0
1804,34,36,1.0,0.0,0
1805,34,37,1.0,0.0,0
1806,34,38,1.0,0.0,0
1807,34,39,1.0,0.0,0
1808,34,40,1.0,0.0,0
1809,34,41,1.0,0.0,0
1810,34,42,1.0,0.0,0
1811,34,43,1.0,0.0,0
1812,34,44,1.0,0.0,0
1813,34,45,1.0,0.0,0
1814,34,46,1.0,0.0,0
1815,34,47,1.0,0.0,0
1816,34,48,1.0,0.0,0
1817,34,49,1.0,0.0,0
1818,34,50,1.0,0.0,0
1819,34,51,1.0,0.0,0
1820,35,0,1.0,0.0,0
1821,35,1,1.0,0.0,0
1822,35,2,1.0,0.0,0
1823,35,3,1.0,0.0,0
1824,35,4,1.0,0.0,0
1825,35,5,1.0,0.0,0
1826,35,6,1.0,0.0,0
1827,35,7,1.0,0.0,0
1828,35,8,1.0,0.0,0
1829,35,9,1.0,0.0,0
1830,35,10,1.0,0.0,0
1831,35,11,1.0,0.0,0
1832,35,12,1.0,0.0,0
1833,35,13,1.0,0.0,0
1834,35,14,1.0,0.0,0
1835,35,15,1.0,0.0,0
1836,35,16,1.0,0.0,0
1837,35,17,1.0,0.0,0
1838,35,18,0.9999950910487518,4.908951248187867e-06,1
1839,35,19,0.9999951120456023,4.887954397715313e-06,1
1840,35,20,1.0,0.0,0
1841,35,21,1.0,0.0,0
1842,35,22,0.9999951718721248,4.828127875209939e-06,1
1843,35,23,1.0,0.0,0
1844,35,24,1.0,0.0,0
1845,35,25,1.0,0.0,0
1846,35,26,1.0,0.0,0
1847,35,27,1.0,0.0,0
1848,35,28,1.0,0.0,0
1849,35,29,1.0,0.0,0
1850,35,30,1.0,0.0,0
1851,35,31,1.0,0.0,0
1852,35,32,0.9999951120456023,4.887954397715313e-06,1
1853,35,33,0.9999950910487518,4.908951248187867e-06,1
1854,35,34,1.0,0.0,0
1855,35,35,1.0,0.0,0
1856,35,36,1.0,0.0,0
1857,35,37,1.0,0.0,0
1858,35,38,1.0,0.0,0
1859,35,39,1.0,0.0,0
1860,35,40,1.0,0.0,0
1861,35,41,1.0,0.0,0
1862,35,42,1.0,0.0,0
1863,35,43,1.0,0.0,0
1864,35,44,1.0,0.0,0
1865,35,45,1.0,0.0,0
1866,35,46,1.0,0.0,0
1867,35,47,1.0,0.0,0
1868,35,48,1.0,0.0,0
1869,35,49,1.0,0.0,0
1870,35,50,1.0,0.0,0
1871,35,51,1.0,0.0,0
1872,36,0,1.0,0.0,0
1873,36,1,1.0,0.0,0
1874,36,2,1.0,0.0,0
1875,36,3,1.0,0.0,0
1876,36,4,1.0,0.0,0
1877,36,5,1.0,0.0,0
1878,36,6,1.0,0.0,0
1879,36,7,1.0,0.0,0
1880,36,8,1.0,0.0,0
1881,36,9,1.0,0.0,0
1882,36,10,1.0,0.0,0
1883,36,11,1.0,0.0,0
1884,36,12,1.0,0.0,0
1885,36,13,1.0,0.0,0
1886,36,14,1.0,0.0,0
1887,36,15,1.0,0.0,0
1888,36,16,1.0,0.0,0
1889,36,17,1.0,0.0,0
1890,36,18,1.0,0.0,0
1891,36,19,1.0,0.0,0
1892,36,20,1.0,0.0,0
1893,36,21,1.0,0.0,0
1894,36,22,1.0,0.0,0
1895,36,23,0.9999950760327023,4.923967297730476e-06,1
1896,36,24,1.0,0.0,0
1897,36,25,1.0,0.0,0
1898,36,26,1.0,0.0,0
1899,36,27,1.0,0.0,0
1900,36,28,1.0,0.0,0
1901,36,29,1.0,0.0,0
1902,36,30,1.0,0.0,0
1903,36,31,1.0,0.0,0
1904,36,32,1.0,0.0,0
1905,36,33,1.0,0.0,0
1906,36,34,1.0,0.0,0
1907,36,35,1.0,0.0,0
1908,36,36,1.0,0.0,0
1909,36,37,1.0,0.0,0
1910,36,38,1.0,0.0,0
1911,36,39,1.0,0.0,0
1912,36,40,1.0,0.0,0
1913,36,41,0.9999951389976722,4.861002327740798e-06,1
1914,36,42,1.0,0.0,0
1915,36,43,1.0,0.0,0
1916,36,44,1.0,0.0,0
1917,36,45,0.9999950760327023,4.923967297730476e-06,1
1918,36,46,1.0,0.0,0
1919,36,47,1.0,0.0,0
1920,36,48,1.0,0.0,0
1921,36,49,1.0,0.0,0
1922,36,50,1.0,0.0,0
1923,36,51,1.0,0.0,0
1924,37,0,1.0,0.0,0
1925,37,1,1.0,0.0,0
1926,37,2,1.0,0.0,0
1927,37,3,1.0,0.0,0
1928,37,4,1.0,0.0,0
1929,37,5,1.0,0.0,0
1930,37,6,1.0,0.0,0
1931,37,7,1.0,0.0,0
1932,37,8,1.0,0.0,0
1933,37,9,1.0,0.0,0
1934,37,10,1.0,0.0,0
1935,37,11,1.0,0.0,0
1936,37,12,1.0,0.0,0
1937,37,13,1.0,0.0,0
1938,37,14,1.0,0.0,0
1939,37,15,1.0,0.0,0
1940,37,16,1.0,0.0,0
1941,37,17,1.0,0.0,0
1942,37,18,1.0,0.0,0
1943,37,19,1.0,0.0,0
1944,37,20,1.0,0.0,0
1945,37,21,1.0,0.0,0
1946,37,22,1.0,0.0,0
1947,37,23,1.0,0.0,0
1948,37,24,1.0,0.0,0
1949,37,25,1.0,0.0,0
1950,37,26,1.0,0.0,0
1951,37,27,1.0,0.0,0
1952,37,28,1.0,0.0,0
1953,37,29,1.0,0.0,0
1954,37,30,1.0,0.0,0
1955,37,31,1.0,0.0,0
1956,37,32,1.0,0.0,0
1957,37,33,1.0,0.0,0
1958,37,34,1.0,0.0,0
1959,37,35,1.0,0.0,0
1960,37,36,1.0,0.0,0
1961,37,37,1.0,0.0,0
1962,37,38,1.0,0.0,0
1963,37,39,1.0,0.0,0
1964,37,40,1.0,0.0,0
1965,37,41,1.0,0.0,0
1966,37,42,1.0,0.0,0
1967,37,43,1.0,0.0,0
1968,37,44,1.0,0.0,0
1969,37,45,1.0,0.0,0
1970,37,46,1.0,0.0,0
1971,37,47,1.0,0.0,0
1972,37,48,1.0,0.0,0
1973,37,49,1.0,0.0,0
1974,37,50,1.0,0.0,0
1975,37,51,1.0,0.0,0
