latitude_deg,longitude_deg,single_time_availability,single_double_availability,double_time_availability,double_double_availability
4.0,73.0,1.0,0.9916550764951322,1.0,0.9916550764951322
4.0,74.0,1.0,0.9888734353268428,1.0,0.9930458970792768
4.0,75.0,1.0,0.9930458970792768,1.0,0.9958275382475661
4.0,76.0,1.0,0.9944367176634215,1.0,0.9944367176634215
4.0,77.0,1.0,0.9944367176634215,1.0,0.9958275382475661
4.0,78.0,1.0,0.9972183588317107,1.0,0.9958275382475661
4.0,79.0,1.0,0.9986091794158554,1.0,0.9986091794158554
4.0,80.0,1.0,0.9986091794158554,1.0,0.9986091794158554
4.0,81.0,1.0,0.9958275382475661,1.0,0.9986091794158554
4.0,82.0,1.0,0.9972183588317107,1.0,0.9986091794158554
4.0,83.0,1.0,1.0,1.0,1.0
4.0,84.0,1.0,0.9986091794158554,1.0,0.9986091794158554
4.0,85.0,1.0,0.9972183588317107,1.0,0.9972183588317107
4.0,86.0,1.0,0.9944367176634215,1.0,0.9944367176634215
4.0,87.0,1.0,0.9958275382475661,1.0,0.9916550764951322
4.0,88.0,1.0,0.9916550764951322,1.0,0.9916550764951322
4.0,89.0,1.0,0.9902642559109874,1.0,0.9888734353268428
4.0,90.0,1.0,0.9916550764951322,1.0,0.9916550764951322
4.0,91.0,1.0,0.9916550764951322,1.0,0.9944367176634215
4.0,92.0,1.0,0.9902642559109874,1.0,0.9930458970792768
4.0,93.0,1.0,0.9902642559109874,1.0,0.9930458970792768
4.0,94.0,1.0,0.9916550764951322,1.0,0.9944367176634215
4.0,95.0,1.0,0.9916550764951322,1.0,0.9916550764951322
4.0,96.0,1.0,0.9902642559109874,1.0,0.9916550764951322
4.0,97.0,1.0,0.9930458970792768,1.0,0.9930458970792768
4.0,98.0,1.0,0.9986091794158554,1.0,0.9944367176634215
4.0,99.0,1.0,0.9972183588317107,1.0,0.9972183588317107
4.0,100.0,1.0,0.9972183588317107,1.0,0.9972183588317107
4.0,101.0,1.0,0.9986091794158554,1.0,0.9972183588317107
4.0,102.0,1.0,1.0,1.0,1.0
4.0,103.0,1.0,0.9986091794158554,1.0,0.9986091794158554
4.0,104.0,1.0,0.9986091794158554,1.0,0.9958275382475661
4.0,105.0,1.0,0.9986091794158554,1.0,0.9972183588317107
4.0,106.0,1.0,0.9986091794158554,1.0,0.9958275382475661
4.0,107.0,1.0,0.9944367176634215,1.0,0.9958275382475661
4.0,108.0,1.0,0.9930458970792768,1.0,0.9930458970792768
4.0,109.0,1.0,0.9930458970792768,1.0,0.9930458970792768
4.0,110.0,1.0,0.9930458970792768,1.0,0.9944367176634215
4.0,111.0,1.0,0.9916550764951322,1.0,0.9930458970792768
4.0,112.0,1.0,0.9888734353268428,1.0,0.9916550764951322
4.0,113.0,1.0,0.9916550764951322,1.0,0.9944367176634215
4.0,114.0,1.0,0.9916550764951322,1.0,0.9916550764951322
4.0,115.0,1.0,0.9902642559109874,1.0,0.9888734353268428
4.0,116.0,1.0,0.9902642559109874,1.0,0.9888734353268428
4.0,117.0,1.0,0.9944367176634215,1.0,0.9916550764951322
4.0,118.0,1.0,0.9930458970792768,1.0,0.9916550764951322
4.0,119.0,1.0,0.9944367176634215,1.0,0.9944367176634215
4.0,120.0,1.0,0.9986091794158554,1.0,0.9972183588317107
4.0,121.0,1.0,1.0,1.0,1.0
4.0,122.0,1.0,0.9986091794158554,1.0,0.9986091794158554
4.0,123.0,1.0,0.9972183588317107,1.0,0.9972183588317107
4.0,124.0,1.0,0.9972183588317107,1.0,0.9986091794158554
4.0,125.0,1.0,1.0,1.0,0.9986091794158554
4.0,126.0,1.0,0.9972183588317107,1.0,0.9972183588317107
4.0,127.0,1.0,0.9986091794158554,1.0,0.9944367176634215
4.0,128.0,1.0,0.9958275382475661,1.0,0.9958275382475661
4.0,129.0,1.0,0.9958275382475661,1.0,0.9972183588317107
4.0,130.0,1.0,0.9916550764951322,1.0,0.9944367176634215
4.0,131.0,1.0,0.9888734353268428,1.0,0.9916550764951322
4.0,132.0,1.0,0.9930458970792768,1.0,0.9930458970792768
4.0,133.0,1.0,0.9916550764951322,1.0,0.9916550764951322
4.0,134.0,1.0,0.9888734353268428,1.0,0.9902642559109874
4.0,135.0,1.0,0.9902642559109874,1.0,0.9902642559109874
5.0,73.0,1.0,0.9972183588317107,1.0,1.0
5.0,74.0,1.0,1.0,1.0,0.9986091794158554
5.0,75.0,1.0,0.9986091794158554,1.0,1.0
5.0,76.0,1.0,0.9972183588317107,1.0,0.9972183588317107
5.0,77.0,1.0,0.9944367176634215,1.0,0.9958275382475661
5.0,78.0,1.0,0.9958275382475661,1.0,0.9958275382475661
5.0,79.0,1.0,0.9958275382475661,1.0,0.9972183588317107
5.0,80.0,1.0,0.9958275382475661,1.0,0.9958275382475661
5.0,81.0,1.0,0.9958275382475661,1.0,0.9972183588317107
5.0,82.0,1.0,0.9972183588317107,1.0,0.9986091794158554
5.0,83.0,1.0,0.9986091794158554,1.0,0.9958275382475661
5.0,84.0,1.0,0.9986091794158554,1.0,0.9972183588317107
5.0,85.0,1.0,0.9972183588317107,1.0,0.9986091794158554
5.0,86.0,1.0,0.9972183588317107,1.0,0.9986091794158554
5.0,87.0,1.0,0.9958275382475661,1.0,0.9958275382475661
5.0,88.0,1.0,0.9972183588317107,1.0,0.9972183588317107
5.0,89.0,1.0,0.9986091794158554,1.0,0.9986091794158554
5.0,90.0,1.0,0.9986091794158554,1.0,1.0
5.0,91.0,1.0,1.0,1.0,1.0
5.0,92.0,1.0,1.0,1.0,1.0
5.0,93.0,1.0,1.0,1.0,0.9986091794158554
5.0,94.0,1.0,1.0,1.0,1.0
5.0,95.0,1.0,0.9986091794158554,1.0,0.9986091794158554
5.0,96.0,1.0,0.9972183588317107,1.0,0.9972183588317107
5.0,97.0,1.0,0.9958275382475661,1.0,0.9958275382475661
5.0,98.0,1.0,0.9958275382475661,1.0,0.9958275382475661
5.0,99.0,1.0,0.9972183588317107,1.0,0.9958275382475661
5.0,100.0,1.0,0.9972183588317107,1.0,0.9972183588317107
5.0,101.0,1.0,0.9986091794158554,1.0,0.9986091794158554
5.0,102.0,1.0,0.9986091794158554,1.0,0.9972183588317107
5.0,103.0,1.0,0.9986091794158554,1.0,0.9972183588317107
5.0,104.0,1.0,0.9972183588317107,1.0,0.9972183588317107
5.0,105.0,1.0,0.9972183588317107,1.0,0.9972183588317107
5.0,106.0,1.0,0.9958275382475661,1.0,0.9958275382475661
5.0,107.0,1.0,0.9958275382475661,1.0,0.9958275382475661
5.0,108.0,1.0,0.9958275382475661,1.0,0.9958275382475661
5.0,109.0,1.0,0.9972183588317107,1.0,0.9972183588317107
5.0,110.0,1.0,1.0,1.0,1.0
5.0,111.0,1.0,1.0,1.0,1.0
5.0,112.0,1.0,0.9986091794158554,1.0,1.0
5.0,113.0,1.0,1.0,1.0,1.0
5.0,114.0,1.0,1.0,1.0,1.0
5.0,115.0,1.0,0.9986091794158554,1.0,1.0
5.0,116.0,1.0,0.9986091794158554,1.0,0.9986091794158554
5.0,117.0,1.0,0.9972183588317107,1.0,0.9958275382475661
5.0,118.0,1.0,0.9986091794158554,1.0,0.9972183588317107
5.0,119.0,1.0,0.9972183588317107,1.0,0.9986091794158554
5.0,120.0,1.0,0.9986091794158554,1.0,0.9986091794158554
5.0,121.0,1.0,0.9986091794158554,1.0,0.9972183588317107
5.0,122.0,1.0,0.9972183588317107,1.0,0.9958275382475661
5.0,123.0,1.0,0.9958275382475661,1.0,0.9972183588317107
5.0,124.0,1.0,0.9958275382475661,1.0,0.9972183588317107
5.0,125.0,1.0,0.9958275382475661,1.0,0.9958275382475661
5.0,126.0,1.0,0.9958275382475661,1.0,0.9958275382475661
5.0,127.0,1.0,0.9958275382475661,1.0,0.9958275382475661
5.0,128.0,1.0,0.9958275382475661,1.0,0.9972183588317107
5.0,129.0,1.0,0.9972183588317107,1.0,0.9986091794158554
5.0,130.0,1.0,1.0,1.0,0.9986091794158554
5.0,131.0,1.0,0.9986091794158554,1.0,0.9986091794158554
5.0,132.0,1.0,0.9986091794158554,1.0,0.9986091794158554
5.0,133.0,1.0,1.0,1.0,1.0
5.0,134.0,1.0,1.0,1.0,1.0
5.0,135.0,1.0,1.0,1.0,1.0
6.0,73.0,1.0,0.9972183588317107,1.0,0.9958275382475661
6.0,74.0,1.0,0.9986091794158554,1.0,0.9958275382475661
6.0,75.0,1.0,0.9986091794158554,1.0,0.9972183588317107
6.0,76.0,1.0,1.0,1.0,0.9986091794158554
6.0,77.0,1.0,1.0,1.0,1.0
6.0,78.0,1.0,0.9986091794158554,1.0,1.0
6.0,79.0,1.0,0.9972183588317107,1.0,0.9972183588317107
6.0,80.0,1.0,0.9972183588317107,1.0,0.9986091794158554
6.0,81.0,1.0,0.9986091794158554,1.0,1.0
6.0,82.0,1.0,1.0,1.0,1.0
6.0,83.0,1.0,1.0,1.0,1.0
6.0,84.0,1.0,0.9986091794158554,1.0,0.9986091794158554
6.0,85.0,1.0,0.9958275382475661,1.0,0.9972183588317107
6.0,86.0,1.0,0.9944367176634215,1.0,0.9958275382475661
6.0,87.0,1.0,0.9958275382475661,1.0,0.9972183588317107
6.0,88.0,1.0,0.9986091794158554,1.0,1.0
6.0,89.0,1.0,1.0,1.0,1.0
6.0,90.0,1.0,0.9986091794158554,1.0,0.9986091794158554
6.0,91.0,1.0,0.9986091794158554,1.0,0.9972183588317107
6.0,92.0,1.0,0.9986091794158554,1.0,0.9958275382475661
6.0,93.0,1.0,0.9972183588317107,1.0,0.9972183588317107
6.0,94.0,1.0,0.9972183588317107,1.0,0.9986091794158554
6.0,95.0,1.0,0.9986091794158554,1.0,0.9986091794158554
6.0,96.0,1.0,1.0,1.0,1.0
6.0,97.0,1.0,0.9986091794158554,1.0,1.0
6.0,98.0,1.0,0.9972183588317107,1.0,0.9972183588317107
6.0,99.0,1.0,0.9958275382475661,1.0,0.9958275382475661
6.0,100.0,1.0,0.9972183588317107,1.0,0.9972183588317107
6.0,101.0,1.0,0.9986091794158554,1.0,1.0
6.0,102.0,1.0,1.0,1.0,1.0
6.0,103.0,1.0,1.0,1.0,1.0
6.0,104.0,1.0,0.9986091794158554,1.0,0.9986091794158554
6.0,105.0,1.0,0.9972183588317107,1.0,0.9972183588317107
6.0,106.0,1.0,0.9958275382475661,1.0,0.9972183588317107
6.0,107.0,1.0,0.9986091794158554,1.0,1.0
6.0,108.0,1.0,1.0,1.0,1.0
6.0,109.0,1.0,0.9986091794158554,1.0,1.0
6.0,110.0,1.0,0.9986091794158554,1.0,0.9986091794158554
6.0,111.0,1.0,0.9972183588317107,1.0,0.9972183588317107
6.0,112.0,1.0,0.9972183588317107,1.0,0.9972183588317107
6.0,113.0,1.0,0.9972183588317107,1.0,0.9972183588317107
6.0,114.0,1.0,0.9986091794158554,1.0,0.9986091794158554
6.0,115.0,1.0,1.0,1.0,1.0
6.0,116.0,1.0,0.9986091794158554,1.0,1.0
6.0,117.0,1.0,0.9972183588317107,1.0,0.9972183588317107
6.0,118.0,1.0,0.9944367176634215,1.0,0.9958275382475661
6.0,119.0,1.0,0.9958275382475661,1.0,0.9972183588317107
6.0,120.0,1.0,0.9958275382475661,1.0,0.9986091794158554
6.0,121.0,1.0,1.0,1.0,0.9986091794158554
6.0,122.0,1.0,1.0,1.0,1.0
6.0,123.0,1.0,1.0,1.0,1.0
6.0,124.0,1.0,0.9986091794158554,1.0,1.0
6.0,125.0,1.0,0.9986091794158554,1.0,0.9986091794158554
6.0,126.0,1.0,0.9986091794158554,1.0,0.9986091794158554
6.0,127.0,1.0,1.0,1.0,1.0
6.0,128.0,1.0,0.9986091794158554,1.0,1.0
6.0,129.0,1.0,1.0,1.0,0.9972183588317107
6.0,130.0,1.0,0.9986091794158554,1.0,0.9958275382475661
6.0,131.0,1.0,0.9972183588317107,1.0,0.9958275382475661
6.0,132.0,1.0,0.9958275382475661,1.0,0.9958275382475661
6.0,133.0,1.0,0.9986091794158554,1.0,0.9986091794158554
6.0,134.0,1.0,1.0,1.0,1.0
6.0,135.0,1.0,0.9986091794158554,1.0,1.0
7.0,73.0,1.0,0.9958275382475661,1.0,0.9958275382475661
7.0,74.0,1.0,0.9972183588317107,1.0,0.9930458970792768
7.0,75.0,1.0,0.9958275382475661,1.0,0.9930458970792768
7.0,76.0,1.0,0.9972183588317107,1.0,0.9958275382475661
7.0,77.0,1.0,0.9986091794158554,1.0,0.9986091794158554
7.0,78.0,1.0,1.0,1.0,1.0
7.0,79.0,1.0,0.9972183588317107,1.0,0.9986091794158554
7.0,80.0,1.0,0.9958275382475661,1.0,0.9958275382475661
7.0,81.0,1.0,0.9986091794158554,1.0,0.9972183588317107
7.0,82.0,1.0,0.9958275382475661,1.0,0.9972183588317107
7.0,83.0,1.0,0.9972183588317107,1.0,0.9944367176634215
7.0,84.0,1.0,0.9944367176634215,1.0,0.9958275382475661
7.0,85.0,1.0,0.9944367176634215,1.0,0.9958275382475661
7.0,86.0,1.0,0.9958275382475661,1.0,0.9958275382475661
7.0,87.0,1.0,0.9972183588317107,1.0,0.9972183588317107
7.0,88.0,1.0,1.0,1.0,1.0
7.0,89.0,1.0,0.9986091794158554,1.0,0.9986091794158554
7.0,90.0,1.0,0.9972183588317107,1.0,0.9944367176634215
7.0,91.0,1.0,0.9958275382475661,1.0,0.9958275382475661
7.0,92.0,1.0,0.9972183588317107,1.0,0.9944367176634215
7.0,93.0,1.0,0.9958275382475661,1.0,0.9944367176634215
7.0,94.0,1.0,0.9930458970792768,1.0,0.9958275382475661
7.0,95.0,1.0,0.9958275382475661,1.0,0.9958275382475661
7.0,96.0,1.0,0.9986091794158554,1.0,0.9986091794158554
7.0,97.0,1.0,1.0,1.0,1.0
7.0,98.0,1.0,0.9972183588317107,1.0,0.9986091794158554
7.0,99.0,1.0,0.9944367176634215,1.0,0.9958275382475661
7.0,100.0,1.0,0.9958275382475661,1.0,0.9958275382475661
7.0,101.0,1.0,0.9958275382475661,1.0,0.9958275382475661
7.0,102.0,1.0,0.9958275382475661,1.0,0.9958275382475661
7.0,103.0,1.0,0.9944367176634215,1.0,0.9972183588317107
7.0,104.0,1.0,0.9972183588317107,1.0,0.9958275382475661
7.0,105.0,1.0,0.9958275382475661,1.0,0.9958275382475661
7.0,106.0,1.0,0.9972183588317107,1.0,0.9972183588317107
7.0,107.0,1.0,1.0,1.0,1.0
7.0,108.0,1.0,0.9986091794158554,1.0,0.9986091794158554
7.0,109.0,1.0,0.9972183588317107,1.0,0.9958275382475661
7.0,110.0,1.0,0.9930458970792768,1.0,0.9958275382475661
7.0,111.0,1.0,0.9944367176634215,1.0,0.9958275382475661
7.0,112.0,1.0,0.9972183588317107,1.0,0.9958275382475661
7.0,113.0,1.0,0.9972183588317107,1.0,0.9958275382475661
7.0,114.0,1.0,0.9972183588317107,1.0,0.9958275382475661
7.0,115.0,1.0,0.9986091794158554,1.0,0.9986091794158554
7.0,116.0,1.0,1.0,1.0,1.0
7.0,117.0,1.0,0.9972183588317107,1.0,0.9986091794158554
7.0,118.0,1.0,0.9958275382475661,1.0,0.9958275382475661
7.0,119.0,1.0,0.9944367176634215,1.0,0.9972183588317107
7.0,120.0,1.0,0.9944367176634215,1.0,0.9958275382475661
7.0,121.0,1.0,0.9958275382475661,1.0,0.9944367176634215
7.0,122.0,1.0,0.9986091794158554,1.0,0.9986091794158554
7.0,123.0,1.0,1.0,1.0,0.9972183588317107
7.0,124.0,1.0,0.9972183588317107,1.0,0.9958275382475661
7.0,125.0,1.0,0.9972183588317107,1.0,0.9972183588317107
7.0,126.0,1.0,0.9986091794158554,1.0,1.0
7.0,127.0,1.0,1.0,1.0,0.9986091794158554
7.0,128.0,1.0,0.9958275382475661,1.0,0.9958275382475661
7.0,129.0,1.0,0.9958275382475661,1.0,0.9944367176634215
7.0,130.0,1.0,0.9972183588317107,1.0,0.9930458970792768
7.0,131.0,1.0,0.9972183588317107,1.0,0.9944367176634215
7.0,132.0,1.0,0.9972183588317107,1.0,0.9972183588317107
7.0,133.0,1.0,1.0,1.0,0.9986091794158554
7.0,134.0,1.0,0.9972183588317107,1.0,0.9986091794158554
7.0,135.0,1.0,0.9986091794158554,1.0,1.0
8.0,73.0,1.0,1.0,1.0,1.0
8.0,74.0,1.0,1.0,1.0,0.9986091794158554
8.0,75.0,1.0,0.9972183588317107,1.0,0.9986091794158554
8.0,76.0,1.0,0.9986091794158554,1.0,1.0
8.0,77.0,1.0,1.0,1.0,1.0
8.0,78.0,1.0,1.0,1.0,1.0
8.0,79.0,1.0,1.0,1.0,1.0
8.0,80.0,1.0,1.0,1.0,1.0
8.0,81.0,1.0,0.9986091794158554,1.0,0.9972183588317107
8.0,82.0,1.0,0.9958275382475661,1.0,0.9944367176634215
8.0,83.0,1.0,0.9972183588317107,1.0,0.9958275382475661
8.0,84.0,1.0,0.9972183588317107,1.0,0.9958275382475661
8.0,85.0,1.0,0.9972183588317107,1.0,0.9972183588317107
8.0,86.0,1.0,1.0,1.0,1.0
8.0,87.0,1.0,1.0,1.0,1.0
8.0,88.0,1.0,1.0,1.0,1.0
8.0,89.0,1.0,1.0,1.0,1.0
8.0,90.0,1.0,1.0,1.0,1.0
8.0,91.0,1.0,0.9986091794158554,1.0,1.0
8.0,92.0,1.0,1.0,1.0,1.0
8.0,93.0,1.0,1.0,1.0,1.0
8.0,94.0,1.0,0.9986091794158554,1.0,1.0
8.0,95.0,1.0,1.0,1.0,1.0
8.0,96.0,1.0,1.0,1.0,1.0
8.0,97.0,1.0,1.0,1.0,1.0
8.0,98.0,1.0,1.0,1.0,1.0
8.0,99.0,1.0,1.0,1.0,1.0
8.0,100.0,1.0,0.9986091794158554,1.0,0.9972183588317107
8.0,101.0,1.0,0.9958275382475661,1.0,0.9972183588317107
8.0,102.0,1.0,0.9958275382475661,1.0,0.9958275382475661
8.0,103.0,1.0,0.9958275382475661,1.0,0.9958275382475661
8.0,104.0,1.0,0.9972183588317107,1.0,0.9972183588317107
8.0,105.0,1.0,1.0,1.0,1.0
8.0,106.0,1.0,1.0,1.0,1.0
8.0,107.0,1.0,1.0,1.0,1.0
8.0,108.0,1.0,1.0,1.0,1.0
8.0,109.0,1.0,1.0,1.0,1.0
8.0,110.0,1.0,0.9986091794158554,1.0,0.9986091794158554
8.0,111.0,1.0,0.9986091794158554,1.0,1.0
8.0,112.0,1.0,1.0,1.0,1.0
8.0,113.0,1.0,1.0,1.0,1.0
8.0,114.0,1.0,1.0,1.0,1.0
8.0,115.0,1.0,1.0,1.0,1.0
8.0,116.0,1.0,1.0,1.0,1.0
8.0,117.0,1.0,1.0,1.0,1.0
8.0,118.0,1.0,1.0,1.0,1.0
8.0,119.0,1.0,0.9986091794158554,1.0,0.9986091794158554
8.0,120.0,1.0,0.9972183588317107,1.0,0.9972183588317107
8.0,121.0,1.0,0.9986091794158554,1.0,0.9972183588317107
8.0,122.0,1.0,0.9972183588317107,1.0,0.9972183588317107
8.0,123.0,1.0,0.9958275382475661,1.0,0.9972183588317107
8.0,124.0,1.0,1.0,1.0,1.0
8.0,125.0,1.0,1.0,1.0,1.0
8.0,126.0,1.0,0.9986091794158554,1.0,0.9986091794158554
8.0,127.0,1.0,1.0,1.0,1.0
8.0,128.0,1.0,0.9986091794158554,1.0,1.0
8.0,129.0,1.0,0.9972183588317107,1.0,0.9986091794158554
8.0,130.0,1.0,0.9972183588317107,1.0,0.9986091794158554
8.0,131.0,1.0,1.0,1.0,1.0
8.0,132.0,1.0,1.0,1.0,1.0
8.0,133.0,1.0,1.0,1.0,1.0
8.0,134.0,1.0,1.0,1.0,1.0
8.0,135.0,1.0,1.0,1.0,1.0
9.0,73.0,1.0,0.9930458970792768,1.0,0.9958275382475661
9.0,74.0,1.0,0.9986091794158554,1.0,0.9972183588317107
9.0,75.0,1.0,1.0,1.0,1.0
9.0,76.0,1.0,0.9986091794158554,1.0,1.0
9.0,77.0,1.0,0.9986091794158554,1.0,0.9986091794158554
9.0,78.0,1.0,1.0,1.0,0.9986091794158554
9.0,79.0,1.0,1.0,1.0,1.0
9.0,80.0,1.0,1.0,1.0,1.0
9.0,81.0,1.0,1.0,1.0,1.0
9.0,82.0,1.0,1.0,1.0,1.0
9.0,83.0,1.0,1.0,1.0,1.0
9.0,84.0,1.0,1.0,1.0,1.0
9.0,85.0,1.0,1.0,1.0,1.0
9.0,86.0,1.0,1.0,1.0,1.0
9.0,87.0,1.0,0.9986091794158554,1.0,0.9972183588317107
9.0,88.0,1.0,0.9958275382475661,1.0,0.9944367176634215
9.0,89.0,1.0,0.9972183588317107,1.0,0.9958275382475661
9.0,90.0,1.0,0.9972183588317107,1.0,0.9986091794158554
9.0,91.0,1.0,0.9958275382475661,1.0,0.9986091794158554
9.0,92.0,1.0,0.9958275382475661,1.0,0.9944367176634215
9.0,93.0,1.0,0.9944367176634215,1.0,0.9944367176634215
9.0,94.0,1.0,0.9972183588317107,1.0,1.0
9.0,95.0,1.0,0.9986091794158554,1.0,0.9986091794158554
9.0,96.0,1.0,0.9986091794158554,1.0,0.9958275382475661
9.0,97.0,1.0,0.9972183588317107,1.0,0.9958275382475661
9.0,98.0,1.0,0.9986091794158554,1.0,0.9986091794158554
9.0,99.0,1.0,1.0,1.0,1.0
9.0,100.0,1.0,1.0,1.0,1.0
9.0,101.0,1.0,1.0,1.0,1.0
9.0,102.0,1.0,1.0,1.0,1.0
9.0,103.0,1.0,1.0,1.0,1.0
9.0,104.0,1.0,1.0,1.0,1.0
9.0,105.0,1.0,1.0,1.0,1.0
9.0,106.0,1.0,1.0,1.0,1.0
9.0,107.0,1.0,0.9986091794158554,1.0,0.9972183588317107
9.0,108.0,1.0,0.9986091794158554,1.0,0.9958275382475661
9.0,109.0,1.0,0.9986091794158554,1.0,0.9986091794158554
9.0,110.0,1.0,0.9986091794158554,1.0,1.0
9.0,111.0,1.0,0.9958275382475661,1.0,0.9972183588317107
9.0,112.0,1.0,0.9944367176634215,1.0,0.9944367176634215
9.0,113.0,1.0,0.9958275382475661,1.0,0.9972183588317107
9.0,114.0,1.0,0.9972183588317107,1.0,0.9986091794158554
9.0,115.0,1.0,0.9972183588317107,1.0,0.9958275382475661
9.0,116.0,1.0,0.9944367176634215,1.0,0.9972183588317107
9.0,117.0,1.0,0.9972183588317107,1.0,0.9958275382475661
9.0,118.0,1.0,1.0,1.0,0.9972183588317107
9.0,119.0,1.0,1.0,1.0,1.0
9.0,120.0,1.0,1.0,1.0,1.0
9.0,121.0,1.0,1.0,1.0,1.0
9.0,122.0,1.0,1.0,1.0,1.0
9.0,123.0,1.0,1.0,1.0,1.0
9.0,124.0,1.0,1.0,1.0,1.0
9.0,125.0,1.0,1.0,1.0,1.0
9.0,126.0,1.0,1.0,1.0,1.0
9.0,127.0,1.0,1.0,1.0,0.9986091794158554
9.0,128.0,1.0,0.9986091794158554,1.0,1.0
9.0,129.0,1.0,1.0,1.0,1.0
9.0,130.0,1.0,1.0,1.0,0.9986091794158554
9.0,131.0,1.0,0.9944367176634215,1.0,0.9972183588317107
9.0,132.0,1.0,0.9944367176634215,1.0,0.9986091794158554
9.0,133.0,1.0,0.9958275382475661,1.0,0.9972183588317107
9.0,134.0,1.0,0.9972183588317107,1.0,0.9944367176634215
9.0,135.0,1.0,0.9958275382475661,1.0,0.9972183588317107
10.0,73.0,1.0,1.0,1.0,1.0
10.0,74.0,1.0,1.0,1.0,1.0
10.0,75.0,1.0,1.0,1.0,1.0
10.0,76.0,1.0,1.0,1.0,1.0
10.0,77.0,1.0,1.0,1.0,1.0
10.0,78.0,1.0,0.9986091794158554,1.0,1.0
10.0,79.0,1.0,0.9958275382475661,1.0,0.9972183588317107
10.0,80.0,1.0,0.9958275382475661,1.0,0.9958275382475661
10.0,81.0,1.0,0.9972183588317107,1.0,0.9972183588317107
10.0,82.0,1.0,1.0,1.0,1.0
10.0,83.0,1.0,1.0,1.0,1.0
10.0,84.0,1.0,1.0,1.0,1.0
10.0,85.0,1.0,0.9986091794158554,1.0,1.0
10.0,86.0,1.0,0.9986091794158554,1.0,1.0
10.0,87.0,1.0,0.9986091794158554,1.0,1.0
10.0,88.0,1.0,1.0,1.0,1.0
10.0,89.0,1.0,1.0,1.0,1.0
10.0,90.0,1.0,1.0,1.0,1.0
10.0,91.0,1.0,1.0,1.0,1.0
10.0,92.0,1.0,1.0,1.0,1.0
10.0,93.0,1.0,1.0,1.0,1.0
10.0,94.0,1.0,1.0,1.0,1.0
10.0,95.0,1.0,1.0,1.0,1.0
10.0,96.0,1.0,1.0,1.0,1.0
10.0,97.0,1.0,1.0,1.0,1.0
10.0,98.0,1.0,1.0,1.0,0.9972183588317107
10.0,99.0,1.0,0.9986091794158554,1.0,0.9972183588317107
10.0,100.0,1.0,0.9986091794158554,1.0,0.9986091794158554
10.0,101.0,1.0,1.0,1.0,1.0
10.0,102.0,1.0,1.0,1.0,1.0
10.0,103.0,1.0,1.0,1.0,1.0
10.0,104.0,1.0,0.9972183588317107,1.0,1.0
10.0,105.0,1.0,0.9958275382475661,1.0,0.9958275382475661
10.0,106.0,1.0,0.9972183588317107,1.0,0.9972183588317107
10.0,107.0,1.0,1.0,1.0,0.9986091794158554
10.0,108.0,1.0,1.0,1.0,1.0
10.0,109.0,1.0,1.0,1.0,1.0
10.0,110.0,1.0,1.0,1.0,1.0
10.0,111.0,1.0,1.0,1.0,1.0
10.0,112.0,1.0,1.0,1.0,1.0
10.0,113.0,1.0,1.0,1.0,1.0
10.0,114.0,1.0,1.0,1.0,1.0
10.0,115.0,1.0,1.0,1.0,1.0
10.0,116.0,1.0,1.0,1.0,1.0
10.0,117.0,1.0,1.0,1.0,1.0
10.0,118.0,1.0,1.0,1.0,1.0
10.0,119.0,1.0,0.9986091794158554,1.0,1.0
10.0,120.0,1.0,1.0,1.0,1.0
10.0,121.0,1.0,1.0,1.0,1.0
10.0,122.0,1.0,1.0,1.0,1.0
10.0,123.0,1.0,0.9972183588317107,1.0,0.9986091794158554
10.0,124.0,1.0,0.9958275382475661,1.0,0.9944367176634215
10.0,125.0,1.0,0.9944367176634215,1.0,0.9958275382475661
10.0,126.0,1.0,0.9972183588317107,1.0,0.9972183588317107
10.0,127.0,1.0,1.0,1.0,1.0
10.0,128.0,1.0,1.0,1.0,1.0
10.0,129.0,1.0,1.0,1.0,1.0
10.0,130.0,1.0,1.0,1.0,1.0
10.0,131.0,1.0,1.0,1.0,1.0
10.0,132.0,1.0,1.0,1.0,1.0
10.0,133.0,1.0,1.0,1.0,1.0
10.0,134.0,1.0,1.0,1.0,1.0
10.0,135.0,1.0,1.0,1.0,1.0
11.0,73.0,1.0,1.0,1.0,1.0
11.0,74.0,1.0,1.0,1.0,1.0
11.0,75.0,1.0,1.0,1.0,1.0
11.0,76.0,1.0,0.9986091794158554,1.0,1.0
11.0,77.0,1.0,1.0,1.0,1.0
11.0,78.0,1.0,1.0,1.0,1.0
11.0,79.0,1.0,1.0,1.0,1.0
11.0,80.0,1.0,1.0,1.0,1.0
11.0,81.0,1.0,1.0,1.0,1.0
11.0,82.0,1.0,1.0,1.0,1.0
11.0,83.0,1.0,1.0,1.0,1.0
11.0,84.0,1.0,0.9986091794158554,1.0,0.9986091794158554
11.0,85.0,1.0,1.0,1.0,1.0
11.0,86.0,1.0,1.0,1.0,1.0
11.0,87.0,1.0,1.0,1.0,0.9986091794158554
11.0,88.0,1.0,0.9986091794158554,1.0,0.9986091794158554
11.0,89.0,1.0,0.9986091794158554,1.0,0.9986091794158554
11.0,90.0,1.0,1.0,1.0,1.0
11.0,91.0,1.0,0.9986091794158554,1.0,0.9986091794158554
11.0,92.0,1.0,1.0,1.0,1.0
11.0,93.0,1.0,1.0,1.0,1.0
11.0,94.0,1.0,1.0,1.0,1.0
11.0,95.0,1.0,1.0,1.0,1.0
11.0,96.0,1.0,1.0,1.0,0.9986091794158554
11.0,97.0,1.0,0.9986091794158554,1.0,1.0
11.0,98.0,1.0,1.0,1.0,1.0
11.0,99.0,1.0,1.0,1.0,1.0
11.0,100.0,1.0,1.0,1.0,1.0
11.0,101.0,1.0,1.0,1.0,1.0
11.0,102.0,1.0,1.0,1.0,1.0
11.0,103.0,1.0,1.0,1.0,1.0
11.0,104.0,1.0,1.0,1.0,1.0
11.0,105.0,1.0,1.0,1.0,1.0
11.0,106.0,1.0,1.0,1.0,1.0
11.0,107.0,1.0,0.9986091794158554,1.0,1.0
11.0,108.0,1.0,1.0,1.0,1.0
11.0,109.0,1.0,1.0,1.0,0.9986091794158554
11.0,110.0,1.0,1.0,1.0,1.0
11.0,111.0,1.0,1.0,1.0,1.0
11.0,112.0,1.0,1.0,1.0,1.0
11.0,113.0,1.0,0.9986091794158554,1.0,0.9986091794158554
11.0,114.0,1.0,0.9986091794158554,1.0,0.9986091794158554
11.0,115.0,1.0,0.9986091794158554,1.0,0.9986091794158554
11.0,116.0,1.0,0.9972183588317107,1.0,0.9972183588317107
11.0,117.0,1.0,1.0,1.0,0.9986091794158554
11.0,118.0,1.0,1.0,1.0,1.0
11.0,119.0,1.0,1.0,1.0,1.0
11.0,120.0,1.0,1.0,1.0,0.9986091794158554
11.0,121.0,1.0,1.0,1.0,1.0
11.0,122.0,1.0,1.0,1.0,1.0
11.0,123.0,1.0,1.0,1.0,1.0
11.0,124.0,1.0,1.0,1.0,1.0
11.0,125.0,1.0,1.0,1.0,1.0
11.0,126.0,1.0,1.0,1.0,1.0
11.0,127.0,1.0,1.0,1.0,1.0
11.0,128.0,1.0,1.0,1.0,0.9986091794158554
11.0,129.0,1.0,0.9986091794158554,1.0,1.0
11.0,130.0,1.0,1.0,1.0,1.0
11.0,131.0,1.0,1.0,1.0,1.0
11.0,132.0,1.0,0.9986091794158554,1.0,0.9986091794158554
11.0,133.0,1.0,0.9972183588317107,1.0,0.9986091794158554
11.0,134.0,1.0,1.0,1.0,0.9986091794158554
11.0,135.0,1.0,0.9986091794158554,1.0,0.9972183588317107
12.0,73.0,1.0,1.0,1.0,1.0
12.0,74.0,1.0,1.0,1.0,1.0
12.0,75.0,1.0,1.0,1.0,1.0
12.0,76.0,1.0,1.0,1.0,1.0
12.0,77.0,1.0,1.0,1.0,0.9986091794158554
12.0,78.0,1.0,1.0,1.0,1.0
12.0,79.0,1.0,1.0,1.0,1.0
12.0,80.0,1.0,1.0,1.0,1.0
12.0,81.0,1.0,1.0,1.0,1.0
12.0,82.0,1.0,1.0,1.0,1.0
12.0,83.0,1.0,1.0,1.0,1.0
12.0,84.0,1.0,1.0,1.0,1.0
12.0,85.0,1.0,1.0,1.0,1.0
12.0,86.0,1.0,1.0,1.0,1.0
12.0,87.0,1.0,1.0,1.0,1.0
12.0,88.0,1.0,0.9986091794158554,1.0,1.0
12.0,89.0,1.0,1.0,1.0,1.0
12.0,90.0,1.0,1.0,1.0,1.0
12.0,91.0,1.0,1.0,1.0,1.0
12.0,92.0,1.0,1.0,1.0,1.0
12.0,93.0,1.0,1.0,1.0,1.0
12.0,94.0,1.0,1.0,1.0,1.0
12.0,95.0,1.0,1.0,1.0,1.0
12.0,96.0,1.0,1.0,1.0,1.0
12.0,97.0,1.0,0.9986091794158554,1.0,0.9986091794158554
12.0,98.0,1.0,1.0,1.0,1.0
12.0,99.0,1.0,1.0,1.0,1.0
12.0,100.0,1.0,1.0,1.0,1.0
12.0,101.0,1.0,1.0,1.0,1.0
12.0,102.0,1.0,1.0,1.0,1.0
12.0,103.0,1.0,1.0,1.0,1.0
12.0,104.0,1.0,1.0,1.0,1.0
12.0,105.0,1.0,1.0,1.0,1.0
12.0,106.0,1.0,1.0,1.0,1.0
12.0,107.0,1.0,1.0,1.0,0.9986091794158554
12.0,108.0,1.0,0.9986091794158554,1.0,0.9986091794158554
12.0,109.0,1.0,1.0,1.0,1.0
12.0,110.0,1.0,1.0,1.0,1.0
12.0,111.0,1.0,1.0,1.0,1.0
12.0,112.0,1.0,1.0,1.0,1.0
12.0,113.0,1.0,1.0,1.0,1.0
12.0,114.0,1.0,1.0,1.0,1.0
12.0,115.0,1.0,1.0,1.0,1.0
12.0,116.0,1.0,1.0,1.0,1.0
12.0,117.0,1.0,1.0,1.0,1.0
12.0,118.0,1.0,1.0,1.0,1.0
12.0,119.0,1.0,1.0,1.0,1.0
12.0,120.0,1.0,1.0,1.0,1.0
12.0,121.0,1.0,1.0,1.0,1.0
12.0,122.0,1.0,0.9986091794158554,1.0,0.9986091794158554
12.0,123.0,1.0,1.0,1.0,1.0
12.0,124.0,1.0,1.0,1.0,1.0
12.0,125.0,1.0,1.0,1.0,1.0
12.0,126.0,1.0,1.0,1.0,1.0
12.0,127.0,1.0,0.9986091794158554,1.0,0.9986091794158554
12.0,128.0,1.0,1.0,1.0,1.0
12.0,129.0,1.0,1.0,1.0,1.0
12.0,130.0,1.0,1.0,1.0,1.0
12.0,131.0,1.0,1.0,1.0,1.0
12.0,132.0,1.0,1.0,1.0,1.0
12.0,133.0,1.0,1.0,1.0,1.0
12.0,134.0,1.0,1.0,1.0,1.0
12.0,135.0,1.0,1.0,1.0,1.0
13.0,73.0,1.0,1.0,1.0,1.0
13.0,74.0,1.0,1.0,1.0,1.0
13.0,75.0,1.0,1.0,1.0,1.0
13.0,76.0,1.0,1.0,1.0,1.0
13.0,77.0,1.0,1.0,1.0,1.0
13.0,78.0,1.0,1.0,1.0,1.0
13.0,79.0,1.0,1.0,1.0,1.0
13.0,80.0,1.0,1.0,1.0,1.0
13.0,81.0,1.0,1.0,1.0,1.0
13.0,82.0,1.0,1.0,1.0,1.0
13.0,83.0,1.0,1.0,1.0,1.0
13.0,84.0,1.0,1.0,1.0,1.0
13.0,85.0,1.0,1.0,1.0,1.0
13.0,86.0,1.0,1.0,1.0,1.0
13.0,87.0,1.0,1.0,1.0,1.0
13.0,88.0,1.0,1.0,1.0,1.0
13.0,89.0,1.0,1.0,1.0,1.0
13.0,90.0,1.0,1.0,1.0,1.0
13.0,91.0,1.0,1.0,1.0,1.0
13.0,92.0,1.0,1.0,1.0,1.0
13.0,93.0,1.0,1.0,1.0,1.0
13.0,94.0,1.0,1.0,1.0,1.0
13.0,95.0,1.0,1.0,1.0,1.0
13.0,96.0,1.0,1.0,1.0,1.0
13.0,97.0,1.0,1.0,1.0,1.0
13.0,98.0,1.0,1.0,1.0,1.0
13.0,99.0,1.0,1.0,1.0,1.0
13.0,100.0,1.0,1.0,1.0,1.0
13.0,101.0,1.0,1.0,1.0,1.0
13.0,102.0,1.0,1.0,1.0,1.0
13.0,103.0,1.0,1.0,1.0,1.0
13.0,104.0,1.0,1.0,1.0,1.0
13.0,105.0,1.0,1.0,1.0,1.0
13.0,106.0,1.0,1.0,1.0,1.0
13.0,107.0,1.0,1.0,1.0,1.0
13.0,108.0,1.0,1.0,1.0,1.0
13.0,109.0,1.0,1.0,1.0,1.0
13.0,110.0,1.0,1.0,1.0,1.0
13.0,111.0,1.0,1.0,1.0,1.0
13.0,112.0,1.0,1.0,1.0,1.0
13.0,113.0,1.0,1.0,1.0,1.0
13.0,114.0,1.0,1.0,1.0,1.0
13.0,115.0,1.0,1.0,1.0,1.0
13.0,116.0,1.0,1.0,1.0,1.0
13.0,117.0,1.0,1.0,1.0,1.0
13.0,118.0,1.0,1.0,1.0,1.0
13.0,119.0,1.0,1.0,1.0,0.9986091794158554
13.0,120.0,1.0,1.0,1.0,1.0
13.0,121.0,1.0,1.0,1.0,1.0
13.0,122.0,1.0,1.0,1.0,1.0
13.0,123.0,1.0,1.0,1.0,1.0
13.0,124.0,1.0,1.0,1.0,1.0
13.0,125.0,1.0,1.0,1.0,1.0
13.0,126.0,1.0,1.0,1.0,1.0
13.0,127.0,1.0,1.0,1.0,1.0
13.0,128.0,1.0,1.0,1.0,1.0
13.0,129.0,1.0,1.0,1.0,1.0
13.0,130.0,1.0,1.0,1.0,1.0
13.0,131.0,1.0,1.0,1.0,1.0
13.0,132.0,1.0,1.0,1.0,1.0
13.0,133.0,1.0,1.0,1.0,1.0
13.0,134.0,1.0,1.0,1.0,1.0
13.0,135.0,1.0,1.0,1.0,1.0
14.0,73.0,1.0,1.0,1.0,1.0
14.0,74.0,1.0,1.0,1.0,1.0
14.0,75.0,1.0,1.0,1.0,1.0
14.0,76.0,1.0,1.0,1.0,1.0
14.0,77.0,1.0,1.0,1.0,1.0
14.0,78.0,1.0,1.0,1.0,1.0
14.0,79.0,1.0,1.0,1.0,1.0
14.0,80.0,1.0,1.0,1.0,1.0
14.0,81.0,1.0,1.0,1.0,1.0
14.0,82.0,1.0,1.0,1.0,1.0
14.0,83.0,1.0,1.0,1.0,1.0
14.0,84.0,1.0,1.0,1.0,1.0
14.0,85.0,1.0,1.0,1.0,1.0
14.0,86.0,1.0,1.0,1.0,1.0
14.0,87.0,1.0,1.0,1.0,1.0
14.0,88.0,1.0,1.0,1.0,1.0
14.0,89.0,1.0,1.0,1.0,1.0
14.0,90.0,1.0,1.0,1.0,1.0
14.0,91.0,1.0,1.0,1.0,1.0
14.0,92.0,1.0,1.0,1.0,1.0
14.0,93.0,1.0,1.0,1.0,1.0
14.0,94.0,1.0,1.0,1.0,1.0
14.0,95.0,1.0,1.0,1.0,1.0
14.0,96.0,1.0,1.0,1.0,1.0
14.0,97.0,1.0,1.0,1.0,1.0
14.0,98.0,1.0,1.0,1.0,1.0
14.0,99.0,1.0,1.0,1.0,1.0
14.0,100.0,1.0,1.0,1.0,1.0
14.0,101.0,1.0,1.0,1.0,1.0
14.0,102.0,1.0,1.0,1.0,1.0
14.0,103.0,1.0,1.0,1.0,1.0
14.0,104.0,1.0,1.0,1.0,1.0
14.0,105.0,1.0,1.0,1.0,1.0
14.0,106.0,1.0,1.0,1.0,1.0
14.0,107.0,1.0,1.0,1.0,1.0
14.0,108.0,1.0,1.0,1.0,1.0
14.0,109.0,1.0,1.0,1.0,1.0
14.0,110.0,1.0,1.0,1.0,1.0
14.0,111.0,1.0,1.0,1.0,1.0
14.0,112.0,1.0,1.0,1.0,1.0
14.0,113.0,1.0,1.0,1.0,1.0
14.0,114.0,1.0,1.0,1.0,1.0
14.0,115.0,1.0,1.0,1.0,1.0
14.0,116.0,1.0,1.0,1.0,1.0
14.0,117.0,1.0,1.0,1.0,1.0
14.0,118.0,1.0,1.0,1.0,1.0
14.0,119.0,1.0,1.0,1.0,1.0
14.0,120.0,1.0,1.0,1.0,1.0
14.0,121.0,1.0,1.0,1.0,1.0
14.0,122.0,1.0,1.0,1.0,1.0
14.0,123.0,1.0,1.0,1.0,1.0
14.0,124.0,1.0,1.0,1.0,1.0
14.0,125.0,1.0,1.0,1.0,1.0
14.0,126.0,1.0,1.0,1.0,1.0
14.0,127.0,1.0,1.0,1.0,1.0
14.0,128.0,1.0,1.0,1.0,1.0
14.0,129.0,1.0,1.0,1.0,1.0
14.0,130.0,1.0,1.0,1.0,1.0
14.0,131.0,1.0,1.0,1.0,1.0
14.0,132.0,1.0,1.0,1.0,1.0
14.0,133.0,1.0,1.0,1.0,1.0
14.0,134.0,1.0,1.0,1.0,1.0
14.0,135.0,1.0,1.0,1.0,1.0
15.0,73.0,1.0,1.0,1.0,1.0
15.0,74.0,1.0,1.0,1.0,1.0
15.0,75.0,1.0,1.0,1.0,1.0
15.0,76.0,1.0,1.0,1.0,1.0
15.0,77.0,1.0,1.0,1.0,1.0
15.0,78.0,1.0,1.0,1.0,1.0
15.0,79.0,1.0,1.0,1.0,1.0
15.0,80.0,1.0,1.0,1.0,1.0
15.0,81.0,1.0,1.0,1.0,1.0
15.0,82.0,1.0,1.0,1.0,1.0
15.0,83.0,1.0,1.0,1.0,1.0
15.0,84.0,1.0,1.0,1.0,1.0
15.0,85.0,1.0,1.0,1.0,1.0
15.0,86.0,1.0,1.0,1.0,1.0
15.0,87.0,1.0,1.0,1.0,1.0
15.0,88.0,1.0,1.0,1.0,1.0
15.0,89.0,1.0,1.0,1.0,1.0
15.0,90.0,1.0,1.0,1.0,1.0
15.0,91.0,1.0,1.0,1.0,1.0
15.0,92.0,1.0,1.0,1.0,1.0
15.0,93.0,1.0,1.0,1.0,1.0
15.0,94.0,1.0,1.0,1.0,1.0
15.0,95.0,1.0,1.0,1.0,1.0
15.0,96.0,1.0,1.0,1.0,1.0
15.0,97.0,1.0,1.0,1.0,1.0
15.0,98.0,1.0,1.0,1.0,1.0
15.0,99.0,1.0,1.0,1.0,1.0
15.0,100.0,1.0,1.0,1.0,1.0
15.0,101.0,1.0,1.0,1.0,1.0
15.0,102.0,1.0,1.0,1.0,1.0
15.0,103.0,1.0,1.0,1.0,1.0
15.0,104.0,1.0,1.0,1.0,1.0
15.0,105.0,1.0,1.0,1.0,1.0
15.0,106.0,1.0,1.0,1.0,1.0
15.0,107.0,1.0,1.0,1.0,1.0
15.0,108.0,1.0,1.0,1.0,1.0
15.0,109.0,1.0,1.0,1.0,1.0
15.0,110.0,1.0,1.0,1.0,1.0
15.0,111.0,1.0,1.0,1.0,1.0
15.0,112.0,1.0,1.0,1.0,1.0
15.0,113.0,1.0,1.0,1.0,1.0
15.0,114.0,1.0,1.0,1.0,1.0
15.0,115.0,1.0,1.0,1.0,1.0
15.0,116.0,1.0,1.0,1.0,1.0
15.0,117.0,1.0,1.0,1.0,1.0
15.0,118.0,1.0,1.0,1.0,1.0
15.0,119.0,1.0,1.0,1.0,1.0
15.0,120.0,1.0,1.0,1.0,1.0
15.0,121.0,1.0,1.0,1.0,1.0
15.0,122.0,1.0,1.0,1.0,1.0
15.0,123.0,1.0,1.0,1.0,1.0
15.0,124.0,1.0,1.0,1.0,1.0
15.0,125.0,1.0,1.0,1.0,1.0
15.0,126.0,1.0,1.0,1.0,1.0
15.0,127.0,1.0,1.0,1.0,1.0
15.0,128.0,1.0,1.0,1.0,1.0
15.0,129.0,1.0,1.0,1.0,1.0
15.0,130.0,1.0,1.0,1.0,1.0
15.0,131.0,1.0,1.0,1.0,1.0
15.0,132.0,1.0,1.0,1.0,1.0
15.0,133.0,1.0,1.0,1.0,1.0
15.0,134.0,1.0,1.0,1.0,1.0
15.0,135.0,1.0,1.0,1.0,1.0
16.0,73.0,1.0,1.0,1.0,1.0
16.0,74.0,1.0,1.0,1.0,1.0
16.0,75.0,1.0,1.0,1.0,1.0
16.0,76.0,1.0,1.0,1.0,1.0
16.0,77.0,1.0,1.0,1.0,1.0
16.0,78.0,1.0,1.0,1.0,1.0
16.0,79.0,1.0,1.0,1.0,1.0
16.0,80.0,1.0,1.0,1.0,1.0
16.0,81.0,1.0,1.0,1.0,1.0
16.0,82.0,1.0,1.0,1.0,1.0
16.0,83.0,1.0,1.0,1.0,1.0
16.0,84.0,1.0,1.0,1.0,1.0
16.0,85.0,1.0,1.0,1.0,1.0
16.0,86.0,1.0,1.0,1.0,1.0
16.0,87.0,1.0,1.0,1.0,1.0
16.0,88.0,1.0,1.0,1.0,1.0
16.0,89.0,1.0,1.0,1.0,1.0
16.0,90.0,1.0,1.0,1.0,1.0
16.0,91.0,1.0,1.0,1.0,1.0
16.0,92.0,1.0,1.0,1.0,1.0
16.0,93.0,1.0,1.0,1.0,1.0
16.0,94.0,1.0,1.0,1.0,1.0
16.0,95.0,1.0,1.0,1.0,1.0
16.0,96.0,1.0,1.0,1.0,1.0
16.0,97.0,1.0,1.0,1.0,1.0
16.0,98.0,1.0,1.0,1.0,1.0
16.0,99.0,1.0,1.0,1.0,1.0
16.0,100.0,1.0,1.0,1.0,1.0
16.0,101.0,1.0,1.0,1.0,1.0
16.0,102.0,1.0,1.0,1.0,1.0
16.0,103.0,1.0,1.0,1.0,1.0
16.0,104.0,1.0,1.0,1.0,1.0
16.0,105.0,1.0,1.0,1.0,1.0
16.0,106.0,1.0,1.0,1.0,1.0
16.0,107.0,1.0,1.0,1.0,1.0
16.0,108.0,1.0,1.0,1.0,1.0
16.0,109.0,1.0,1.0,1.0,1.0
16.0,110.0,1.0,1.0,1.0,1.0
16.0,111.0,1.0,1.0,1.0,1.0
16.0,112.0,1.0,1.0,1.0,1.0
16.0,113.0,1.0,1.0,1.0,1.0
16.0,114.0,1.0,1.0,1.0,1.0
16.0,115.0,1.0,1.0,1.0,1.0
16.0,116.0,1.0,1.0,1.0,1.0
16.0,117.0,1.0,1.0,1.0,1.0
16.0,118.0,1.0,1.0,1.0,1.0
16.0,119.0,1.0,1.0,1.0,1.0
16.0,120.0,1.0,1.0,1.0,1.0
16.0,121.0,1.0,1.0,1.0,1.0
16.0,122.0,1.0,1.0,1.0,1.0
16.0,123.0,1.0,1.0,1.0,1.0
16.0,124.0,1.0,1.0,1.0,1.0
16.0,125.0,1.0,1.0,1.0,1.0
16.0,126.0,1.0,1.0,1.0,1.0
16.0,127.0,1.0,1.0,1.0,1.0
16.0,128.0,1.0,1.0,1.0,1.0
16.0,129.0,1.0,1.0,1.0,1.0
16.0,130.0,1.0,1.0,1.0,1.0
16.0,131.0,1.0,1.0,1.0,1.0
16.0,132.0,1.0,1.0,1.0,1.0
16.0,133.0,1.0,1.0,1.0,1.0
16.0,134.0,1.0,1.0,1.0,1.0
16.0,135.0,1.0,1.0,1.0,1.0
17.0,73.0,1.0,1.0,1.0,1.0
17.0,74.0,1.0,1.0,1.0,1.0
17.0,75.0,1.0,1.0,1.0,1.0
17.0,76.0,1.0,1.0,1.0,1.0
17.0,77.0,1.0,1.0,1.0,1.0
17.0,78.0,1.0,1.0,1.0,1.0
17.0,79.0,1.0,1.0,1.0,1.0
17.0,80.0,1.0,1.0,1.0,1.0
17.0,81.0,1.0,1.0,1.0,1.0
17.0,82.0,1.0,1.0,1.0,1.0
17.0,83.0,1.0,1.0,1.0,1.0
17.0,84.0,1.0,1.0,1.0,1.0
17.0,85.0,1.0,1.0,1.0,1.0
17.0,86.0,1.0,1.0,1.0,1.0
17.0,87.0,1.0,1.0,1.0,1.0
17.0,88.0,1.0,1.0,1.0,1.0
17.0,89.0,1.0,1.0,1.0,1.0
17.0,90.0,1.0,1.0,1.0,1.0
17.0,91.0,1.0,1.0,1.0,1.0
17.0,92.0,1.0,1.0,1.0,1.0
17.0,93.0,1.0,1.0,1.0,1.0
17.0,94.0,1.0,1.0,1.0,1.0
17.0,95.0,1.0,1.0,1.0,1.0
17.0,96.0,1.0,1.0,1.0,1.0
17.0,97.0,1.0,1.0,1.0,1.0
17.0,98.0,1.0,1.0,1.0,1.0
17.0,99.0,1.0,1.0,1.0,1.0
17.0,100.0,1.0,1.0,1.0,1.0
17.0,101.0,1.0,1.0,1.0,1.0
17.0,102.0,1.0,1.0,1.0,1.0
17.0,103.0,1.0,1.0,1.0,1.0
17.0,104.0,1.0,1.0,1.0,1.0
17.0,105.0,1.0,1.0,1.0,1.0
17.0,106.0,1.0,1.0,1.0,1.0
17.0,107.0,1.0,1.0,1.0,1.0
17.0,108.0,1.0,1.0,1.0,1.0
17.0,109.0,1.0,1.0,1.0,1.0
17.0,110.0,1.0,1.0,1.0,1.0
17.0,111.0,1.0,1.0,1.0,1.0
17.0,112.0,1.0,1.0,1.0,1.0
17.0,113.0,1.0,1.0,1.0,1.0
17.0,114.0,1.0,1.0,1.0,1.0
17.0,115.0,1.0,1.0,1.0,1.0
17.0,116.0,1.0,1.0,1.0,1.0
17.0,117.0,1.0,1.0,1.0,1.0
17.0,118.0,1.0,1.0,1.0,1.0
17.0,119.0,1.0,1.0,1.0,1.0
17.0,120.0,1.0,1.0,1.0,1.0
17.0,121.0,1.0,1.0,1.0,1.0
17.0,122.0,1.0,1.0,1.0,1.0
17.0,123.0,1.0,1.0,1.0,1.0
17.0,124.0,1.0,1.0,1.0,1.0
17.0,125.0,1.0,1.0,1.0,1.0
17.0,126.0,1.0,1.0,1.0,1.0
17.0,127.0,1.0,1.0,1.0,1.0
17.0,128.0,1.0,1.0,1.0,1.0
17.0,129.0,1.0,1.0,1.0,1.0
17.0,130.0,1.0,1.0,1.0,1.0
17.0,131.0,1.0,1.0,1.0,1.0
17.0,132.0,1.0,1.0,1.0,1.0
17.0,133.0,1.0,1.0,1.0,1.0
17.0,134.0,1.0,1.0,1.0,1.0
17.0,135.0,1.0,1.0,1.0,1.0
18.0,73.0,1.0,1.0,1.0,1.0
18.0,74.0,1.0,1.0,1.0,1.0
18.0,75.0,1.0,1.0,1.0,1.0
18.0,76.0,1.0,1.0,1.0,1.0
18.0,77.0,1.0,1.0,1.0,1.0
18.0,78.0,1.0,1.0,1.0,1.0
18.0,79.0,1.0,1.0,1.0,1.0
18.0,80.0,1.0,1.0,1.0,1.0
18.0,81.0,1.0,1.0,1.0,1.0
18.0,82.0,1.0,1.0,1.0,1.0
18.0,83.0,1.0,1.0,1.0,1.0
18.0,84.0,1.0,1.0,1.0,1.0
18.0,85.0,1.0,1.0,1.0,1.0
18.0,86.0,1.0,1.0,1.0,1.0
18.0,87.0,1.0,1.0,1.0,1.0
18.0,88.0,1.0,1.0,1.0,1.0
18.0,89.0,1.0,1.0,1.0,1.0
18.0,90.0,1.0,1.0,1.0,1.0
18.0,91.0,1.0,1.0,1.0,1.0
18.0,92.0,1.0,1.0,1.0,1.0
18.0,93.0,1.0,1.0,1.0,1.0
18.0,94.0,1.0,1.0,1.0,1.0
18.0,95.0,1.0,1.0,1.0,1.0
18.0,96.0,1.0,1.0,1.0,1.0
18.0,97.0,1.0,1.0,1.0,1.0
18.0,98.0,1.0,1.0,1.0,1.0
18.0,99.0,1.0,1.0,1.0,1.0
18.0,100.0,1.0,1.0,1.0,1.0
18.0,101.0,1.0,1.0,1.0,1.0
18.0,102.0,1.0,1.0,1.0,1.0
18.0,103.0,1.0,1.0,1.0,1.0
18.0,104.0,1.0,1.0,1.0,1.0
18.0,105.0,1.0,1.0,1.0,1.0
18.0,106.0,1.0,1.0,1.0,1.0
18.0,107.0,1.0,1.0,1.0,1.0
18.0,108.0,1.0,1.0,1.0,1.0
18.0,109.0,1.0,1.0,1.0,1.0
18.0,110.0,1.0,1.0,1.0,1.0
18.0,111.0,1.0,1.0,1.0,1.0
18.0,112.0,1.0,1.0,1.0,1.0
18.0,113.0,1.0,1.0,1.0,1.0
18.0,114.0,1.0,1.0,1.0,1.0
18.0,115.0,1.0,1.0,1.0,1.0
18.0,116.0,1.0,1.0,1.0,1.0
18.0,117.0,1.0,1.0,1.0,1.0
18.0,118.0,1.0,1.0,1.0,1.0
18.0,119.0,1.0,1.0,1.0,1.0
18.0,120.0,1.0,1.0,1.0,1.0
18.0,121.0,1.0,1.0,1.0,1.0
18.0,122.0,1.0,1.0,1.0,1.0
18.0,123.0,1.0,1.0,1.0,1.0
18.0,124.0,1.0,1.0,1.0,1.0
18.0,125.0,1.0,1.0,1.0,1.0
18.0,126.0,1.0,1.0,1.0,1.0
18.0,127.0,1.0,1.0,1.0,1.0
18.0,128.0,1.0,1.0,1.0,1.0
18.0,129.0,1.0,1.0,1.0,1.0
18.0,130.0,1.0,1.0,1.0,1.0
18.0,131.0,1.0,1.0,1.0,1.0
18.0,132.0,1.0,1.0,1.0,1.0
18.0,133.0,1.0,1.0,1.0,1.0
18.0,134.0,1.0,1.0,1.0,1.0
18.0,135.0,1.0,1.0,1.0,1.0
19.0,73.0,1.0,1.0,1.0,1.0
19.0,74.0,1.0,1.0,1.0,1.0
19.0,75.0,1.0,1.0,1.0,1.0
19.0,76.0,1.0,1.0,1.0,1.0
19.0,77.0,1.0,1.0,1.0,1.0
19.0,78.0,1.0,1.0,1.0,1.0
19.0,79.0,1.0,1.0,1.0,1.0
19.0,80.0,1.0,1.0,1.0,1.0
19.0,81.0,1.0,1.0,1.0,1.0
19.0,82.0,1.0,1.0,1.0,1.0
19.0,83.0,1.0,1.0,1.0,1.0
19.0,84.0,1.0,1.0,1.0,1.0
19.0,85.0,1.0,1.0,1.0,1.0
19.0,86.0,1.0,1.0,1.0,1.0
19.0,87.0,1.0,1.0,1.0,1.0
19.0,88.0,1.0,1.0,1.0,1.0
19.0,89.0,1.0,1.0,1.0,1.0
19.0,90.0,1.0,1.0,1.0,1.0
19.0,91.0,1.0,1.0,1.0,1.0
19.0,92.0,1.0,1.0,1.0,1.0
19.0,93.0,1.0,1.0,1.0,1.0
19.0,94.0,1.0,1.0,1.0,1.0
19.0,95.0,1.0,1.0,1.0,1.0
19.0,96.0,1.0,1.0,1.0,1.0
19.0,97.0,1.0,1.0,1.0,1.0
19.0,98.0,1.0,1.0,1.0,1.0
19.0,99.0,1.0,1.0,1.0,1.0
19.0,100.0,1.0,1.0,1.0,1.0
19.0,101.0,1.0,1.0,1.0,1.0
19.0,102.0,1.0,1.0,1.0,1.0
19.0,103.0,1.0,1.0,1.0,1.0
19.0,104.0,1.0,1.0,1.0,1.0
19.0,105.0,1.0,1.0,1.0,1.0
19.0,106.0,1.0,1.0,1.0,1.0
19.0,107.0,1.0,1.0,1.0,1.0
19.0,108.0,1.0,1.0,1.0,1.0
19.0,109.0,1.0,1.0,1.0,1.0
19.0,110.0,1.0,1.0,1.0,1.0
19.0,111.0,1.0,1.0,1.0,1.0
19.0,112.0,1.0,1.0,1.0,1.0
19.0,113.0,1.0,1.0,1.0,1.0
19.0,114.0,1.0,1.0,1.0,1.0
19.0,115.0,1.0,1.0,1.0,1.0
19.0,116.0,1.0,1.0,1.0,1.0
19.0,117.0,1.0,1.0,1.0,1.0
19.0,118.0,1.0,1.0,1.0,1.0
19.0,119.0,1.0,1.0,1.0,1.0
19.0,120.0,1.0,1.0,1.0,1.0
19.0,121.0,1.0,1.0,1.0,1.0
19.0,122.0,1.0,1.0,1.0,1.0
19.0,123.0,1.0,1.0,1.0,1.0
19.0,124.0,1.0,1.0,1.0,1.0
19.0,125.0,1.0,1.0,1.0,1.0
19.0,126.0,1.0,1.0,1.0,1.0
19.0,127.0,1.0,1.0,1.0,1.0
19.0,128.0,1.0,1.0,1.0,1.0
19.0,129.0,1.0,1.0,1.0,1.0
19.0,130.0,1.0,1.0,1.0,1.0
19.0,131.0,1.0,1.0,1.0,1.0
19.0,132.0,1.0,1.0,1.0,1.0
19.0,133.0,1.0,1.0,1.0,1.0
19.0,134.0,1.0,1.0,1.0,1.0
19.0,135.0,1.0,1.0,1.0,1.0
20.0,73.0,1.0,1.0,1.0,1.0
20.0,74.0,1.0,1.0,1.0,1.0
20.0,75.0,1.0,1.0,1.0,1.0
20.0,76.0,1.0,1.0,1.0,1.0
20.0,77.0,1.0,1.0,1.0,1.0
20.0,78.0,1.0,1.0,1.0,1.0
20.0,79.0,1.0,1.0,1.0,1.0
20.0,80.0,1.0,1.0,1.0,1.0
20.0,81.0,1.0,1.0,1.0,1.0
20.0,82.0,1.0,1.0,1.0,1.0
20.0,83.0,1.0,1.0,1.0,1.0
20.0,84.0,1.0,1.0,1.0,1.0
20.0,85.0,1.0,1.0,1.0,1.0
20.0,86.0,1.0,1.0,1.0,1.0
20.0,87.0,1.0,1.0,1.0,1.0
20.0,88.0,1.0,1.0,1.0,1.0
20.0,89.0,1.0,1.0,1.0,1.0
20.0,90.0,1.0,1.0,1.0,1.0
20.0,91.0,1.0,1.0,1.0,1.0
20.0,92.0,1.0,1.0,1.0,1.0
20.0,93.0,1.0,1.0,1.0,1.0
20.0,94.0,1.0,1.0,1.0,1.0
20.0,95.0,1.0,1.0,1.0,1.0
20.0,96.0,1.0,1.0,1.0,1.0
20.0,97.0,1.0,1.0,1.0,1.0
20.0,98.0,1.0,1.0,1.0,1.0
20.0,99.0,1.0,1.0,1.0,1.0
20.0,100.0,1.0,1.0,1.0,1.0
20.0,101.0,1.0,1.0,1.0,1.0
20.0,102.0,1.0,1.0,1.0,1.0
20.0,103.0,1.0,1.0,1.0,1.0
20.0,104.0,1.0,1.0,1.0,1.0
20.0,105.0,1.0,1.0,1.0,1.0
20.0,106.0,1.0,1.0,1.0,1.0
20.0,107.0,1.0,1.0,1.0,1.0
20.0,108.0,1.0,1.0,1.0,1.0
20.0,109.0,1.0,1.0,1.0,1.0
20.0,110.0,1.0,1.0,1.0,1.0
20.0,111.0,1.0,1.0,1.0,1.0
20.0,112.0,1.0,1.0,1.0,1.0
20.0,113.0,1.0,1.0,1.0,1.0
20.0,114.0,1.0,1.0,1.0,1.0
20.0,115.0,1.0,1.0,1.0,1.0
20.0,116.0,1.0,1.0,1.0,1.0
20.0,117.0,1.0,1.0,1.0,1.0
20.0,118.0,1.0,1.0,1.0,1.0
20.0,119.0,1.0,1.0,1.0,1.0
20.0,120.0,1.0,1.0,1.0,1.0
20.0,121.0,1.0,1.0,1.0,1.0
20.0,122.0,1.0,1.0,1.0,1.0
20.0,123.0,1.0,1.0,1.0,1.0
20.0,124.0,1.0,1.0,1.0,1.0
20.0,125.0,1.0,1.0,1.0,1.0
20.0,126.0,1.0,1.0,1.0,1.0
20.0,127.0,1.0,1.0,1.0,1.0
20.0,128.0,1.0,1.0,1.0,1.0
20.0,129.0,1.0,1.0,1.0,1.0
20.0,130.0,1.0,1.0,1.0,1.0
20.0,131.0,1.0,1.0,1.0,1.0
20.0,132.0,1.0,1.0,1.0,1.0
20.0,133.0,1.0,1.0,1.0,1.0
20.0,134.0,1.0,1.0,1.0,1.0
20.0,135.0,1.0,1.0,1.0,1.0
21.0,73.0,1.0,1.0,1.0,1.0
21.0,74.0,1.0,1.0,1.0,1.0
21.0,75.0,1.0,1.0,1.0,1.0
21.0,76.0,1.0,1.0,1.0,1.0
21.0,77.0,1.0,1.0,1.0,1.0
21.0,78.0,1.0,1.0,1.0,1.0
21.0,79.0,1.0,1.0,1.0,1.0
21.0,80.0,1.0,1.0,1.0,1.0
21.0,81.0,1.0,1.0,1.0,1.0
21.0,82.0,1.0,1.0,1.0,1.0
21.0,83.0,1.0,1.0,1.0,1.0
21.0,84.0,1.0,1.0,1.0,1.0
21.0,85.0,1.0,1.0,1.0,1.0
21.0,86.0,1.0,1.0,1.0,1.0
21.0,87.0,1.0,1.0,1.0,1.0
21.0,88.0,1.0,1.0,1.0,1.0
21.0,89.0,1.0,1.0,1.0,1.0
21.0,90.0,1.0,1.0,1.0,1.0
21.0,91.0,1.0,1.0,1.0,1.0
21.0,92.0,1.0,1.0,1.0,1.0
21.0,93.0,1.0,1.0,1.0,1.0
21.0,94.0,1.0,1.0,1.0,1.0
21.0,95.0,1.0,1.0,1.0,1.0
21.0,96.0,1.0,1.0,1.0,1.0
21.0,97.0,1.0,1.0,1.0,1.0
21.0,98.0,1.0,1.0,1.0,1.0
21.0,99.0,1.0,1.0,1.0,1.0
21.0,100.0,1.0,1.0,1.0,1.0
21.0,101.0,1.0,1.0,1.0,1.0
21.0,102.0,1.0,1.0,1.0,1.0
21.0,103.0,1.0,1.0,1.0,1.0
21.0,104.0,1.0,1.0,1.0,1.0
21.0,105.0,1.0,1.0,1.0,1.0
21.0,106.0,1.0,1.0,1.0,1.0
21.0,107.0,1.0,1.0,1.0,1.0
21.0,108.0,1.0,1.0,1.0,1.0
21.0,109.0,1.0,1.0,1.0,1.0
21.0,110.0,1.0,1.0,1.0,1.0
21.0,111.0,1.0,1.0,1.0,1.0
21.0,112.0,1.0,1.0,1.0,1.0
21.0,113.0,1.0,1.0,1.0,1.0
21.0,114.0,1.0,1.0,1.0,1.0
21.0,115.0,1.0,1.0,1.0,1.0
21.0,116.0,1.0,1.0,1.0,1.0
21.0,117.0,1.0,1.0,1.0,1.0
21.0,118.0,1.0,1.0,1.0,1.0
21.0,119.0,1.0,1.0,1.0,1.0
21.0,120.0,1.0,1.0,1.0,1.0
21.0,121.0,1.0,1.0,1.0,1.0
21.0,122.0,1.0,1.0,1.0,1.0
21.0,123.0,1.0,1.0,1.0,1.0
21.0,124.0,1.0,1.0,1.0,1.0
21.0,125.0,1.0,1.0,1.0,1.0
21.0,126.0,1.0,1.0,1.0,1.0
21.0,127.0,1.0,1.0,1.0,1.0
21.0,128.0,1.0,1.0,1.0,1.0
21.0,129.0,1.0,1.0,1.0,1.0
21.0,130.0,1.0,1.0,1.0,1.0
21.0,131.0,1.0,1.0,1.0,1.0
21.0,132.0,1.0,1.0,1.0,1.0
21.0,133.0,1.0,1.0,1.0,1.0
21.0,134.0,1.0,1.0,1.0,1.0
21.0,135.0,1.0,1.0,1.0,1.0
22.0,73.0,1.0,1.0,1.0,1.0
22.0,74.0,1.0,1.0,1.0,1.0
22.0,75.0,1.0,1.0,1.0,1.0
22.0,76.0,1.0,1.0,1.0,1.0
22.0,77.0,1.0,1.0,1.0,1.0
22.0,78.0,1.0,1.0,1.0,1.0
22.0,79.0,1.0,1.0,1.0,1.0
22.0,80.0,1.0,1.0,1.0,1.0
22.0,81.0,1.0,1.0,1.0,1.0
22.0,82.0,1.0,1.0,1.0,1.0
22.0,83.0,1.0,1.0,1.0,1.0
22.0,84.0,1.0,1.0,1.0,1.0
22.0,85.0,1.0,1.0,1.0,1.0
22.0,86.0,1.0,1.0,1.0,1.0
22.0,87.0,1.0,1.0,1.0,1.0
22.0,88.0,1.0,1.0,1.0,1.0
22.0,89.0,1.0,1.0,1.0,1.0
22.0,90.0,1.0,1.0,1.0,1.0
22.0,91.0,1.0,1.0,1.0,1.0
22.0,92.0,1.0,1.0,1.0,1.0
22.0,93.0,1.0,1.0,1.0,1.0
22.0,94.0,1.0,1.0,1.0,1.0
22.0,95.0,1.0,1.0,1.0,1.0
22.0,96.0,1.0,1.0,1.0,1.0
22.0,97.0,1.0,1.0,1.0,1.0
22.0,98.0,1.0,1.0,1.0,1.0
22.0,99.0,1.0,1.0,1.0,1.0
22.0,100.0,1.0,1.0,1.0,1.0
22.0,101.0,1.0,1.0,1.0,1.0
22.0,102.0,1.0,1.0,1.0,1.0
22.0,103.0,1.0,1.0,1.0,1.0
22.0,104.0,1.0,1.0,1.0,1.0
22.0,105.0,1.0,1.0,1.0,1.0
22.0,106.0,1.0,1.0,1.0,1.0
22.0,107.0,1.0,1.0,1.0,1.0
22.0,108.0,1.0,1.0,1.0,1.0
22.0,109.0,1.0,1.0,1.0,1.0
22.0,110.0,1.0,1.0,1.0,1.0
22.0,111.0,1.0,1.0,1.0,1.0
22.0,112.0,1.0,1.0,1.0,1.0
22.0,113.0,1.0,1.0,1.0,1.0
22.0,114.0,1.0,1.0,1.0,1.0
22.0,115.0,1.0,1.0,1.0,1.0
22.0,116.0,1.0,1.0,1.0,1.0
22.0,117.0,1.0,1.0,1.0,1.0
22.0,118.0,1.0,1.0,1.0,1.0
22.0,119.0,1.0,1.0,1.0,1.0
22.0,120.0,1.0,1.0,1.0,1.0
22.0,121.0,1.0,1.0,1.0,1.0
22.0,122.0,1.0,1.0,1.0,1.0
22.0,123.0,1.0,1.0,1.0,1.0
22.0,124.0,1.0,1.0,1.0,1.0
22.0,125.0,1.0,1.0,1.0,1.0
22.0,126.0,1.0,1.0,1.0,1.0
22.0,127.0,1.0,1.0,1.0,1.0
22.0,128.0,1.0,1.0,1.0,1.0
22.0,129.0,1.0,1.0,1.0,1.0
22.0,130.0,1.0,1.0,1.0,1.0
22.0,131.0,1.0,1.0,1.0,1.0
22.0,132.0,1.0,1.0,1.0,1.0
22.0,133.0,1.0,1.0,1.0,1.0
22.0,134.0,1.0,1.0,1.0,1.0
22.0,135.0,1.0,1.0,1.0,1.0
23.0,73.0,1.0,1.0,1.0,1.0
23.0,74.0,1.0,1.0,1.0,1.0
23.0,75.0,1.0,1.0,1.0,1.0
23.0,76.0,1.0,1.0,1.0,1.0
23.0,77.0,1.0,1.0,1.0,1.0
23.0,78.0,1.0,1.0,1.0,1.0
23.0,79.0,1.0,1.0,1.0,1.0
23.0,80.0,1.0,1.0,1.0,1.0
23.0,81.0,1.0,1.0,1.0,1.0
23.0,82.0,1.0,1.0,1.0,1.0
23.0,83.0,1.0,1.0,1.0,1.0
23.0,84.0,1.0,1.0,1.0,1.0
23.0,85.0,1.0,1.0,1.0,1.0
23.0,86.0,1.0,1.0,1.0,1.0
23.0,87.0,1.0,1.0,1.0,1.0
23.0,88.0,1.0,1.0,1.0,1.0
23.0,89.0,1.0,1.0,1.0,1.0
23.0,90.0,1.0,1.0,1.0,1.0
23.0,91.0,1.0,1.0,1.0,1.0
23.0,92.0,1.0,1.0,1.0,1.0
23.0,93.0,1.0,1.0,1.0,1.0
23.0,94.0,1.0,1.0,1.0,1.0
23.0,95.0,1.0,1.0,1.0,1.0
23.0,96.0,1.0,1.0,1.0,1.0
23.0,97.0,1.0,1.0,1.0,1.0
23.0,98.0,1.0,1.0,1.0,1.0
23.0,99.0,1.0,1.0,1.0,1.0
23.0,100.0,1.0,1.0,1.0,1.0
23.0,101.0,1.0,1.0,1.0,1.0
23.0,102.0,1.0,1.0,1.0,1.0
23.0,103.0,1.0,1.0,1.0,1.0
23.0,104.0,1.0,1.0,1.0,1.0
23.0,105.0,1.0,1.0,1.0,1.0
23.0,106.0,1.0,1.0,1.0,1.0
23.0,107.0,1.0,1.0,1.0,1.0
23.0,108.0,1.0,1.0,1.0,1.0
23.0,109.0,1.0,1.0,1.0,1.0
23.0,110.0,1.0,1.0,1.0,1.0
23.0,111.0,1.0,1.0,1.0,1.0
23.0,112.0,1.0,1.0,1.0,1.0
23.0,113.0,1.0,1.0,1.0,1.0
23.0,114.0,1.0,1.0,1.0,1.0
23.0,115.0,1.0,1.0,1.0,1.0
23.0,116.0,1.0,1.0,1.0,1.0
23.0,117.0,1.0,1.0,1.0,1.0
23.0,118.0,1.0,1.0,1.0,1.0
23.0,119.0,1.0,1.0,1.0,1.0
23.0,120.0,1.0,1.0,1.0,1.0
23.0,121.0,1.0,1.0,1.0,1.0
23.0,122.0,1.0,1.0,1.0,1.0
23.0,123.0,1.0,1.0,1.0,1.0
23.0,124.0,1.0,1.0,1.0,1.0
23.0,125.0,1.0,1.0,1.0,1.0
23.0,126.0,1.0,1.0,1.0,1.0
23.0,127.0,1.0,1.0,1.0,1.0
23.0,128.0,1.0,1.0,1.0,1.0
23.0,129.0,1.0,1.0,1.0,1.0
23.0,130.0,1.0,1.0,1.0,1.0
23.0,131.0,1.0,1.0,1.0,1.0
23.0,132.0,1.0,1.0,1.0,1.0
23.0,133.0,1.0,1.0,1.0,1.0
23.0,134.0,1.0,1.0,1.0,1.0
23.0,135.0,1.0,1.0,1.0,1.0
24.0,73.0,1.0,1.0,1.0,1.0
24.0,74.0,1.0,1.0,1.0,1.0
24.0,75.0,1.0,1.0,1.0,1.0
24.0,76.0,1.0,1.0,1.0,1.0
24.0,77.0,1.0,1.0,1.0,1.0
24.0,78.0,1.0,1.0,1.0,1.0
24.0,79.0,1.0,1.0,1.0,1.0
24.0,80.0,1.0,1.0,1.0,1.0
24.0,81.0,1.0,1.0,1.0,1.0
24.0,82.0,1.0,1.0,1.0,1.0
24.0,83.0,1.0,1.0,1.0,1.0
24.0,84.0,1.0,1.0,1.0,1.0
24.0,85.0,1.0,1.0,1.0,1.0
24.0,86.0,1.0,1.0,1.0,1.0
24.0,87.0,1.0,1.0,1.0,1.0
24.0,88.0,1.0,1.0,1.0,1.0
24.0,89.0,1.0,1.0,1.0,1.0
24.0,90.0,1.0,1.0,1.0,1.0
24.0,91.0,1.0,1.0,1.0,1.0
24.0,92.0,1.0,1.0,1.0,1.0
24.0,93.0,1.0,1.0,1.0,1.0
24.0,94.0,1.0,1.0,1.0,1.0
24.0,95.0,1.0,1.0,1.0,1.0
24.0,96.0,1.0,1.0,1.0,1.0
24.0,97.0,1.0,1.0,1.0,1.0
24.0,98.0,1.0,1.0,1.0,1.0
24.0,99.0,1.0,1.0,1.0,1.0
24.0,100.0,1.0,1.0,1.0,1.0
24.0,101.0,1.0,1.0,1.0,1.0
24.0,102.0,1.0,1.0,1.0,1.0
24.0,103.0,1.0,1.0,1.0,1.0
24.0,104.0,1.0,1.0,1.0,1.0
24.0,105.0,1.0,1.0,1.0,1.0
24.0,106.0,1.0,1.0,1.0,1.0
24.0,107.0,1.0,1.0,1.0,1.0
24.0,108.0,1.0,1.0,1.0,1.0
24.0,109.0,1.0,1.0,1.0,1.0
24.0,110.0,1.0,1.0,1.0,1.0
24.0,111.0,1.0,1.0,1.0,1.0
24.0,112.0,1.0,1.0,1.0,1.0
24.0,113.0,1.0,1.0,1.0,1.0
24.0,114.0,1.0,1.0,1.0,1.0
24.0,115.0,1.0,1.0,1.0,1.0
24.0,116.0,1.0,1.0,1.0,1.0
24.0,117.0,1.0,1.0,1.0,1.0
24.0,118.0,1.0,1.0,1.0,1.0
24.0,119.0,1.0,1.0,1.0,1.0
24.0,120.0,1.0,1.0,1.0,1.0
24.0,121.0,1.0,1.0,1.0,1.0
24.0,122.0,1.0,1.0,1.0,1.0
24.0,123.0,1.0,1.0,1.0,1.0
24.0,124.0,1.0,1.0,1.0,1.0
24.0,125.0,1.0,1.0,1.0,1.0
24.0,126.0,1.0,1.0,1.0,1.0
24.0,127.0,1.0,1.0,1.0,1.0
24.0,128.0,1.0,1.0,1.0,1.0
24.0,129.0,1.0,1.0,1.0,1.0
24.0,130.0,1.0,1.0,1.0,1.0
24.0,131.0,1.0,1.0,1.0,1.0
24.0,132.0,1.0,1.0,1.0,1.0
24.0,133.0,1.0,1.0,1.0,1.0
24.0,134.0,1.0,1.0,1.0,1.0
24.0,135.0,1.0,1.0,1.0,1.0
25.0,73.0,1.0,1.0,1.0,1.0
25.0,74.0,1.0,1.0,1.0,1.0
25.0,75.0,1.0,1.0,1.0,1.0
25.0,76.0,1.0,1.0,1.0,1.0
25.0,77.0,1.0,1.0,1.0,1.0
25.0,78.0,1.0,1.0,1.0,1.0
25.0,79.0,1.0,1.0,1.0,1.0
25.0,80.0,1.0,1.0,1.0,1.0
25.0,81.0,1.0,1.0,1.0,1.0
25.0,82.0,1.0,1.0,1.0,1.0
25.0,83.0,1.0,1.0,1.0,1.0
25.0,84.0,1.0,1.0,1.0,1.0
25.0,85.0,1.0,1.0,1.0,1.0
25.0,86.0,1.0,1.0,1.0,1.0
25.0,87.0,1.0,1.0,1.0,1.0
25.0,88.0,1.0,1.0,1.0,1.0
25.0,89.0,1.0,1.0,1.0,1.0
25.0,90.0,1.0,1.0,1.0,1.0
25.0,91.0,1.0,1.0,1.0,1.0
25.0,92.0,1.0,1.0,1.0,1.0
25.0,93.0,1.0,1.0,1.0,1.0
25.0,94.0,1.0,1.0,1.0,1.0
25.0,95.0,1.0,1.0,1.0,1.0
25.0,96.0,1.0,1.0,1.0,1.0
25.0,97.0,1.0,1.0,1.0,1.0
25.0,98.0,1.0,1.0,1.0,1.0
25.0,99.0,1.0,1.0,1.0,1.0
25.0,100.0,1.0,1.0,1.0,1.0
25.0,101.0,1.0,1.0,1.0,1.0
25.0,102.0,1.0,1.0,1.0,1.0
25.0,103.0,1.0,1.0,1.0,1.0
25.0,104.0,1.0,1.0,1.0,1.0
25.0,105.0,1.0,1.0,1.0,1.0
25.0,106.0,1.0,1.0,1.0,1.0
25.0,107.0,1.0,1.0,1.0,1.0
25.0,108.0,1.0,1.0,1.0,1.0
25.0,109.0,1.0,1.0,1.0,1.0
25.0,110.0,1.0,1.0,1.0,1.0
25.0,111.0,1.0,1.0,1.0,1.0
25.0,112.0,1.0,1.0,1.0,1.0
25.0,113.0,1.0,1.0,1.0,1.0
25.0,114.0,1.0,1.0,1.0,1.0
25.0,115.0,1.0,1.0,1.0,1.0
25.0,116.0,1.0,1.0,1.0,1.0
25.0,117.0,1.0,1.0,1.0,1.0
25.0,118.0,1.0,1.0,1.0,1.0
25.0,119.0,1.0,1.0,1.0,1.0
25.0,120.0,1.0,1.0,1.0,1.0
25.0,121.0,1.0,1.0,1.0,1.0
25.0,122.0,1.0,1.0,1.0,1.0
25.0,123.0,1.0,1.0,1.0,1.0
25.0,124.0,1.0,1.0,1.0,1.0
25.0,125.0,1.0,1.0,1.0,1.0
25.0,126.0,1.0,1.0,1.0,1.0
25.0,127.0,1.0,1.0,1.0,1.0
25.0,128.0,1.0,1.0,1.0,1.0
25.0,129.0,1.0,1.0,1.0,1.0
25.0,130.0,1.0,1.0,1.0,1.0
25.0,131.0,1.0,1.0,1.0,1.0
25.0,132.0,1.0,1.0,1.0,1.0
25.0,133.0,1.0,1.0,1.0,1.0
25.0,134.0,1.0,1.0,1.0,1.0
25.0,135.0,1.0,1.0,1.0,1.0
26.0,73.0,1.0,1.0,1.0,1.0
26.0,74.0,1.0,1.0,1.0,1.0
26.0,75.0,1.0,1.0,1.0,1.0
26.0,76.0,1.0,1.0,1.0,1.0
26.0,77.0,1.0,1.0,1.0,1.0
26.0,78.0,1.0,1.0,1.0,1.0
26.0,79.0,1.0,1.0,1.0,1.0
26.0,80.0,1.0,1.0,1.0,1.0
26.0,81.0,1.0,1.0,1.0,1.0
26.0,82.0,1.0,1.0,1.0,1.0
26.0,83.0,1.0,1.0,1.0,1.0
26.0,84.0,1.0,1.0,1.0,1.0
26.0,85.0,1.0,1.0,1.0,1.0
26.0,86.0,1.0,1.0,1.0,1.0
26.0,87.0,1.0,1.0,1.0,1.0
26.0,88.0,1.0,1.0,1.0,1.0
26.0,89.0,1.0,1.0,1.0,1.0
26.0,90.0,1.0,1.0,1.0,1.0
26.0,91.0,1.0,1.0,1.0,1.0
26.0,92.0,1.0,1.0,1.0,1.0
26.0,93.0,1.0,1.0,1.0,1.0
26.0,94.0,1.0,1.0,1.0,1.0
26.0,95.0,1.0,1.0,1.0,1.0
26.0,96.0,1.0,1.0,1.0,1.0
26.0,97.0,1.0,1.0,1.0,1.0
26.0,98.0,1.0,1.0,1.0,1.0
26.0,99.0,1.0,1.0,1.0,1.0
26.0,100.0,1.0,1.0,1.0,1.0
26.0,101.0,1.0,1.0,1.0,1.0
26.0,102.0,1.0,1.0,1.0,1.0
26.0,103.0,1.0,1.0,1.0,1.0
26.0,104.0,1.0,1.0,1.0,1.0
26.0,105.0,1.0,1.0,1.0,1.0
26.0,106.0,1.0,1.0,1.0,1.0
26.0,107.0,1.0,1.0,1.0,1.0
26.0,108.0,1.0,1.0,1.0,1.0
26.0,109.0,1.0,1.0,1.0,1.0
26.0,110.0,1.0,1.0,1.0,1.0
26.0,111.0,1.0,1.0,1.0,1.0
26.0,112.0,1.0,1.0,1.0,1.0
26.0,113.0,1.0,1.0,1.0,1.0
26.0,114.0,1.0,1.0,1.0,1.0
26.0,115.0,1.0,1.0,1.0,1.0
26.0,116.0,1.0,1.0,1.0,1.0
26.0,117.0,1.0,1.0,1.0,1.0
26.0,118.0,1.0,1.0,1.0,1.0
26.0,119.0,1.0,1.0,1.0,1.0
26.0,120.0,1.0,1.0,1.0,1.0
26.0,121.0,1.0,1.0,1.0,1.0
26.0,122.0,1.0,1.0,1.0,1.0
26.0,123.0,1.0,1.0,1.0,1.0
26.0,124.0,1.0,1.0,1.0,1.0
26.0,125.0,1.0,1.0,1.0,1.0
26.0,126.0,1.0,1.0,1.0,1.0
26.0,127.0,1.0,1.0,1.0,1.0
26.0,128.0,1.0,1.0,1.0,1.0
26.0,129.0,1.0,1.0,1.0,1.0
26.0,130.0,1.0,1.0,1.0,1.0
26.0,131.0,1.0,1.0,1.0,1.0
26.0,132.0,1.0,1.0,1.0,1.0
26.0,133.0,1.0,1.0,1.0,1.0
26.0,134.0,1.0,1.0,1.0,1.0
26.0,135.0,1.0,1.0,1.0,1.0
27.0,73.0,1.0,1.0,1.0,1.0
27.0,74.0,1.0,1.0,1.0,1.0
27.0,75.0,1.0,1.0,1.0,1.0
27.0,76.0,1.0,1.0,1.0,1.0
27.0,77.0,1.0,1.0,1.0,1.0
27.0,78.0,1.0,1.0,1.0,1.0
27.0,79.0,1.0,1.0,1.0,1.0
27.0,80.0,1.0,1.0,1.0,1.0
27.0,81.0,1.0,1.0,1.0,1.0
27.0,82.0,1.0,1.0,1.0,1.0
27.0,83.0,1.0,1.0,1.0,1.0
27.0,84.0,1.0,1.0,1.0,1.0
27.0,85.0,1.0,1.0,1.0,1.0
27.0,86.0,1.0,1.0,1.0,1.0
27.0,87.0,1.0,1.0,1.0,1.0
27.0,88.0,1.0,1.0,1.0,1.0
27.0,89.0,1.0,1.0,1.0,1.0
27.0,90.0,1.0,1.0,1.0,1.0
27.0,91.0,1.0,1.0,1.0,1.0
27.0,92.0,1.0,1.0,1.0,1.0
27.0,93.0,1.0,1.0,1.0,1.0
27.0,94.0,1.0,1.0,1.0,1.0
27.0,95.0,1.0,1.0,1.0,1.0
27.0,96.0,1.0,1.0,1.0,1.0
27.0,97.0,1.0,1.0,1.0,1.0
27.0,98.0,1.0,1.0,1.0,1.0
27.0,99.0,1.0,1.0,1.0,1.0
27.0,100.0,1.0,1.0,1.0,1.0
27.0,101.0,1.0,1.0,1.0,1.0
27.0,102.0,1.0,1.0,1.0,1.0
27.0,103.0,1.0,1.0,1.0,1.0
27.0,104.0,1.0,1.0,1.0,1.0
27.0,105.0,1.0,1.0,1.0,1.0
27.0,106.0,1.0,1.0,1.0,1.0
27.0,107.0,1.0,1.0,1.0,1.0
27.0,108.0,1.0,1.0,1.0,1.0
27.0,109.0,1.0,1.0,1.0,1.0
27.0,110.0,1.0,1.0,1.0,1.0
27.0,111.0,1.0,1.0,1.0,1.0
27.0,112.0,1.0,1.0,1.0,1.0
27.0,113.0,1.0,1.0,1.0,1.0
27.0,114.0,1.0,1.0,1.0,1.0
27.0,115.0,1.0,1.0,1.0,1.0
27.0,116.0,1.0,1.0,1.0,1.0
27.0,117.0,1.0,1.0,1.0,1.0
27.0,118.0,1.0,1.0,1.0,1.0
27.0,119.0,1.0,1.0,1.0,1.0
27.0,120.0,1.0,1.0,1.0,1.0
27.0,121.0,1.0,1.0,1.0,1.0
27.0,122.0,1.0,1.0,1.0,1.0
27.0,123.0,1.0,1.0,1.0,1.0
27.0,124.0,1.0,1.0,1.0,1.0
27.0,125.0,1.0,1.0,1.0,1.0
27.0,126.0,1.0,1.0,1.0,1.0
27.0,127.0,1.0,1.0,1.0,1.0
27.0,128.0,1.0,1.0,1.0,1.0
27.0,129.0,1.0,1.0,1.0,1.0
27.0,130.0,1.0,1.0,1.0,1.0
27.0,131.0,1.0,1.0,1.0,1.0
27.0,132.0,1.0,1.0,1.0,1.0
27.0,133.0,1.0,1.0,1.0,1.0
27.0,134.0,1.0,1.0,1.0,1.0
27.0,135.0,1.0,1.0,1.0,1.0
28.0,73.0,1.0,1.0,1.0,1.0
28.0,74.0,1.0,1.0,1.0,1.0
28.0,75.0,1.0,1.0,1.0,1.0
28.0,76.0,1.0,1.0,1.0,1.0
28.0,77.0,1.0,1.0,1.0,1.0
28.0,78.0,1.0,1.0,1.0,1.0
28.0,79.0,1.0,1.0,1.0,1.0
28.0,80.0,1.0,1.0,1.0,1.0
28.0,81.0,1.0,1.0,1.0,1.0
28.0,82.0,1.0,1.0,1.0,1.0
28.0,83.0,1.0,1.0,1.0,1.0
28.0,84.0,1.0,1.0,1.0,1.0
28.0,85.0,1.0,1.0,1.0,1.0
28.0,86.0,1.0,1.0,1.0,1.0
28.0,87.0,1.0,1.0,1.0,1.0
28.0,88.0,1.0,1.0,1.0,1.0
28.0,89.0,1.0,1.0,1.0,1.0
28.0,90.0,1.0,1.0,1.0,1.0
28.0,91.0,1.0,1.0,1.0,1.0
28.0,92.0,1.0,1.0,1.0,1.0
28.0,93.0,1.0,1.0,1.0,1.0
28.0,94.0,1.0,1.0,1.0,1.0
28.0,95.0,1.0,1.0,1.0,1.0
28.0,96.0,1.0,1.0,1.0,1.0
28.0,97.0,1.0,1.0,1.0,1.0
28.0,98.0,1.0,1.0,1.0,1.0
28.0,99.0,1.0,1.0,1.0,1.0
28.0,100.0,1.0,1.0,1.0,1.0
28.0,101.0,1.0,1.0,1.0,1.0
28.0,102.0,1.0,1.0,1.0,1.0
28.0,103.0,1.0,1.0,1.0,1.0
28.0,104.0,1.0,1.0,1.0,1.0
28.0,105.0,1.0,1.0,1.0,1.0
28.0,106.0,1.0,1.0,1.0,1.0
28.0,107.0,1.0,1.0,1.0,1.0
28.0,108.0,1.0,1.0,1.0,1.0
28.0,109.0,1.0,1.0,1.0,1.0
28.0,110.0,1.0,1.0,1.0,1.0
28.0,111.0,1.0,1.0,1.0,1.0
28.0,112.0,1.0,1.0,1.0,1.0
28.0,113.0,1.0,1.0,1.0,1.0
28.0,114.0,1.0,1.0,1.0,1.0
28.0,115.0,1.0,1.0,1.0,1.0
28.0,116.0,1.0,1.0,1.0,1.0
28.0,117.0,1.0,1.0,1.0,1.0
28.0,118.0,1.0,1.0,1.0,1.0
28.0,119.0,1.0,1.0,1.0,1.0
28.0,120.0,1.0,1.0,1.0,1.0
28.0,121.0,1.0,1.0,1.0,1.0
28.0,122.0,1.0,1.0,1.0,1.0
28.0,123.0,1.0,1.0,1.0,1.0
28.0,124.0,1.0,1.0,1.0,1.0
28.0,125.0,1.0,1.0,1.0,1.0
28.0,126.0,1.0,1.0,1.0,1.0
28.0,127.0,1.0,1.0,1.0,1.0
28.0,128.0,1.0,1.0,1.0,1.0
28.0,129.0,1.0,1.0,1.0,1.0
28.0,130.0,1.0,1.0,1.0,1.0
28.0,131.0,1.0,1.0,1.0,1.0
28.0,132.0,1.0,1.0,1.0,1.0
28.0,133.0,1.0,1.0,1.0,1.0
28.0,134.0,1.0,1.0,1.0,1.0
28.0,135.0,1.0,1.0,1.0,1.0
29.0,73.0,1.0,1.0,1.0,1.0
29.0,74.0,1.0,1.0,1.0,1.0
29.0,75.0,1.0,1.0,1.0,1.0
29.0,76.0,1.0,1.0,1.0,1.0
29.0,77.0,1.0,1.0,1.0,1.0
29.0,78.0,1.0,1.0,1.0,1.0
29.0,79.0,1.0,1.0,1.0,1.0
29.0,80.0,1.0,1.0,1.0,1.0
29.0,81.0,1.0,1.0,1.0,1.0
29.0,82.0,1.0,1.0,1.0,1.0
29.0,83.0,1.0,1.0,1.0,1.0
29.0,84.0,1.0,1.0,1.0,1.0
29.0,85.0,1.0,1.0,1.0,1.0
29.0,86.0,1.0,1.0,1.0,1.0
29.0,87.0,1.0,1.0,1.0,1.0
29.0,88.0,1.0,1.0,1.0,1.0
29.0,89.0,1.0,1.0,1.0,1.0
29.0,90.0,1.0,1.0,1.0,1.0
29.0,91.0,1.0,1.0,1.0,1.0
29.0,92.0,1.0,1.0,1.0,1.0
29.0,93.0,1.0,1.0,1.0,1.0
29.0,94.0,1.0,1.0,1.0,1.0
29.0,95.0,1.0,1.0,1.0,1.0
29.0,96.0,1.0,1.0,1.0,1.0
29.0,97.0,1.0,1.0,1.0,1.0
29.0,98.0,1.0,1.0,1.0,1.0
29.0,99.0,1.0,1.0,1.0,1.0
29.0,100.0,1.0,1.0,1.0,1.0
29.0,101.0,1.0,1.0,1.0,1.0
29.0,102.0,1.0,1.0,1.0,1.0
29.0,103.0,1.0,1.0,1.0,1.0
29.0,104.0,1.0,1.0,1.0,1.0
29.0,105.0,1.0,1.0,1.0,1.0
29.0,106.0,1.0,1.0,1.0,1.0
29.0,107.0,1.0,1.0,1.0,1.0
29.0,108.0,1.0,1.0,1.0,1.0
29.0,109.0,1.0,1.0,1.0,1.0
29.0,110.0,1.0,1.0,1.0,1.0
29.0,111.0,1.0,1.0,1.0,1.0
29.0,112.0,1.0,1.0,1.0,1.0
29.0,113.0,1.0,1.0,1.0,1.0
29.0,114.0,1.0,1.0,1.0,1.0
29.0,115.0,1.0,1.0,1.0,1.0
29.0,116.0,1.0,1.0,1.0,1.0
29.0,117.0,1.0,1.0,1.0,1.0
29.0,118.0,1.0,1.0,1.0,1.0
29.0,119.0,1.0,1.0,1.0,1.0
29.0,120.0,1.0,1.0,1.0,1.0
29.0,121.0,1.0,1.0,1.0,1.0
29.0,122.0,1.0,1.0,1.0,1.0
29.0,123.0,1.0,1.0,1.0,1.0
29.0,124.0,1.0,1.0,1.0,1.0
29.0,125.0,1.0,1.0,1.0,1.0
29.0,126.0,1.0,1.0,1.0,1.0
29.0,127.0,1.0,1.0,1.0,1.0
29.0,128.0,1.0,1.0,1.0,1.0
29.0,129.0,1.0,1.0,1.0,1.0
29.0,130.0,1.0,1.0,1.0,1.0
29.0,131.0,1.0,1.0,1.0,1.0
29.0,132.0,1.0,1.0,1.0,1.0
29.0,133.0,1.0,1.0,1.0,1.0
29.0,134.0,1.0,1.0,1.0,1.0
29.0,135.0,1.0,1.0,1.0,1.0
30.0,73.0,1.0,1.0,1.0,1.0
30.0,74.0,1.0,1.0,1.0,1.0
30.0,75.0,1.0,1.0,1.0,1.0
30.0,76.0,1.0,1.0,1.0,1.0
30.0,77.0,1.0,1.0,1.0,1.0
30.0,78.0,1.0,1.0,1.0,1.0
30.0,79.0,1.0,1.0,1.0,1.0
30.0,80.0,1.0,1.0,1.0,1.0
30.0,81.0,1.0,1.0,1.0,1.0
30.0,82.0,1.0,1.0,1.0,1.0
30.0,83.0,1.0,1.0,1.0,1.0
30.0,84.0,1.0,1.0,1.0,1.0
30.0,85.0,1.0,1.0,1.0,1.0
30.0,86.0,1.0,1.0,1.0,1.0
30.0,87.0,1.0,1.0,1.0,1.0
30.0,88.0,1.0,1.0,1.0,1.0
30.0,89.0,1.0,1.0,1.0,1.0
30.0,90.0,1.0,1.0,1.0,1.0
30.0,91.0,1.0,1.0,1.0,1.0
30.0,92.0,1.0,1.0,1.0,1.0
30.0,93.0,1.0,1.0,1.0,1.0
30.0,94.0,1.0,1.0,1.0,1.0
30.0,95.0,1.0,1.0,1.0,1.0
30.0,96.0,1.0,1.0,1.0,1.0
30.0,97.0,1.0,1.0,1.0,1.0
30.0,98.0,1.0,1.0,1.0,1.0
30.0,99.0,1.0,1.0,1.0,1.0
30.0,100.0,1.0,1.0,1.0,1.0
30.0,101.0,1.0,1.0,1.0,1.0
30.0,102.0,1.0,1.0,1.0,1.0
30.0,103.0,1.0,1.0,1.0,1.0
30.0,104.0,1.0,1.0,1.0,1.0
30.0,105.0,1.0,1.0,1.0,1.0
30.0,106.0,1.0,1.0,1.0,1.0
30.0,107.0,1.0,1.0,1.0,1.0
30.0,108.0,1.0,1.0,1.0,1.0
30.0,109.0,1.0,1.0,1.0,1.0
30.0,110.0,1.0,1.0,1.0,1.0
30.0,111.0,1.0,1.0,1.0,1.0
30.0,112.0,1.0,1.0,1.0,1.0
30.0,113.0,1.0,1.0,1.0,1.0
30.0,114.0,1.0,1.0,1.0,1.0
30.0,115.0,1.0,1.0,1.0,1.0
30.0,116.0,1.0,1.0,1.0,1.0
30.0,117.0,1.0,1.0,1.0,1.0
30.0,118.0,1.0,1.0,1.0,1.0
30.0,119.0,1.0,1.0,1.0,1.0
30.0,120.0,1.0,1.0,1.0,1.0
30.0,121.0,1.0,1.0,1.0,1.0
30.0,122.0,1.0,1.0,1.0,1.0
30.0,123.0,1.0,1.0,1.0,1.0
30.0,124.0,1.0,1.0,1.0,1.0
30.0,125.0,1.0,1.0,1.0,1.0
30.0,126.0,1.0,1.0,1.0,1.0
30.0,127.0,1.0,1.0,1.0,1.0
30.0,128.0,1.0,1.0,1.0,1.0
30.0,129.0,1.0,1.0,1.0,1.0
30.0,130.0,1.0,1.0,1.0,1.0
30.0,131.0,1.0,1.0,1.0,1.0
30.0,132.0,1.0,1.0,1.0,1.0
30.0,133.0,1.0,1.0,1.0,1.0
30.0,134.0,1.0,1.0,1.0,1.0
30.0,135.0,1.0,1.0,1.0,1.0
31.0,73.0,1.0,1.0,1.0,1.0
31.0,74.0,1.0,1.0,1.0,1.0
31.0,75.0,1.0,1.0,1.0,1.0
31.0,76.0,1.0,1.0,1.0,1.0
31.0,77.0,1.0,1.0,1.0,1.0
31.0,78.0,1.0,1.0,1.0,1.0
31.0,79.0,1.0,1.0,1.0,1.0
31.0,80.0,1.0,1.0,1.0,1.0
31.0,81.0,1.0,1.0,1.0,1.0
31.0,82.0,1.0,1.0,1.0,1.0
31.0,83.0,1.0,1.0,1.0,1.0
31.0,84.0,1.0,1.0,1.0,1.0
31.0,85.0,1.0,1.0,1.0,1.0
31.0,86.0,1.0,1.0,1.0,1.0
31.0,87.0,1.0,1.0,1.0,1.0
31.0,88.0,1.0,1.0,1.0,1.0
31.0,89.0,1.0,1.0,1.0,1.0
31.0,90.0,1.0,1.0,1.0,1.0
31.0,91.0,1.0,1.0,1.0,1.0
31.0,92.0,1.0,1.0,1.0,1.0
31.0,93.0,1.0,1.0,1.0,1.0
31.0,94.0,1.0,1.0,1.0,1.0
31.0,95.0,1.0,1.0,1.0,1.0
31.0,96.0,1.0,1.0,1.0,1.0
31.0,97.0,1.0,1.0,1.0,1.0
31.0,98.0,1.0,1.0,1.0,1.0
31.0,99.0,1.0,1.0,1.0,1.0
31.0,100.0,1.0,1.0,1.0,1.0
31.0,101.0,1.0,1.0,1.0,1.0
31.0,102.0,1.0,1.0,1.0,1.0
31.0,103.0,1.0,1.0,1.0,1.0
31.0,104.0,1.0,1.0,1.0,1.0
31.0,105.0,1.0,1.0,1.0,1.0
31.0,106.0,1.0,1.0,1.0,1.0
31.0,107.0,1.0,1.0,1.0,1.0
31.0,108.0,1.0,1.0,1.0,1.0
31.0,109.0,1.0,1.0,1.0,1.0
31.0,110.0,1.0,1.0,1.0,1.0
31.0,111.0,1.0,1.0,1.0,1.0
31.0,112.0,1.0,1.0,1.0,1.0
31.0,113.0,1.0,1.0,1.0,1.0
31.0,114.0,1.0,1.0,1.0,1.0
31.0,115.0,1.0,1.0,1.0,1.0
31.0,116.0,1.0,1.0,1.0,1.0
31.0,117.0,1.0,1.0,1.0,1.0
31.0,118.0,1.0,1.0,1.0,1.0
31.0,119.0,1.0,1.0,1.0,1.0
31.0,120.0,1.0,1.0,1.0,1.0
31.0,121.0,1.0,1.0,1.0,1.0
31.0,122.0,1.0,1.0,1.0,1.0
31.0,123.0,1.0,1.0,1.0,1.0
31.0,124.0,1.0,1.0,1.0,1.0
31.0,125.0,1.0,1.0,1.0,1.0
31.0,126.0,1.0,1.0,1.0,1.0
31.0,127.0,1.0,1.0,1.0,1.0
31.0,128.0,1.0,1.0,1.0,1.0
31.0,129.0,1.0,1.0,1.0,1.0
31.0,130.0,1.0,1.0,1.0,1.0
31.0,131.0,1.0,1.0,1.0,1.0
31.0,132.0,1.0,1.0,1.0,1.0
31.0,133.0,1.0,1.0,1.0,1.0
31.0,134.0,1.0,1.0,1.0,1.0
31.0,135.0,1.0,1.0,1.0,1.0
32.0,73.0,1.0,1.0,1.0,1.0
32.0,74.0,1.0,1.0,1.0,1.0
32.0,75.0,1.0,1.0,1.0,1.0
32.0,76.0,1.0,1.0,1.0,1.0
32.0,77.0,1.0,1.0,1.0,1.0
32.0,78.0,1.0,1.0,1.0,1.0
32.0,79.0,1.0,1.0,1.0,1.0
32.0,80.0,1.0,1.0,1.0,1.0
32.0,81.0,1.0,1.0,1.0,1.0
32.0,82.0,1.0,1.0,1.0,1.0
32.0,83.0,1.0,1.0,1.0,1.0
32.0,84.0,1.0,1.0,1.0,1.0
32.0,85.0,1.0,1.0,1.0,1.0
32.0,86.0,1.0,1.0,1.0,1.0
32.0,87.0,1.0,1.0,1.0,1.0
32.0,88.0,1.0,1.0,1.0,1.0
32.0,89.0,1.0,1.0,1.0,1.0
32.0,90.0,1.0,1.0,1.0,1.0
32.0,91.0,1.0,1.0,1.0,1.0
32.0,92.0,1.0,1.0,1.0,1.0
32.0,93.0,1.0,1.0,1.0,1.0
32.0,94.0,1.0,1.0,1.0,1.0
32.0,95.0,1.0,1.0,1.0,1.0
32.0,96.0,1.0,1.0,1.0,1.0
32.0,97.0,1.0,1.0,1.0,1.0
32.0,98.0,1.0,1.0,1.0,1.0
32.0,99.0,1.0,1.0,1.0,1.0
32.0,100.0,1.0,1.0,1.0,1.0
32.0,101.0,1.0,1.0,1.0,1.0
32.0,102.0,1.0,1.0,1.0,1.0
32.0,103.0,1.0,1.0,1.0,1.0
32.0,104.0,1.0,1.0,1.0,1.0
32.0,105.0,1.0,1.0,1.0,1.0
32.0,106.0,1.0,1.0,1.0,1.0
32.0,107.0,1.0,1.0,1.0,1.0
32.0,108.0,1.0,1.0,1.0,1.0
32.0,109.0,1.0,1.0,1.0,1.0
32.0,110.0,1.0,1.0,1.0,1.0
32.0,111.0,1.0,1.0,1.0,1.0
32.0,112.0,1.0,1.0,1.0,1.0
32.0,113.0,1.0,1.0,1.0,1.0
32.0,114.0,1.0,1.0,1.0,1.0
32.0,115.0,1.0,1.0,1.0,1.0
32.0,116.0,1.0,1.0,1.0,1.0
32.0,117.0,1.0,1.0,1.0,1.0
32.0,118.0,1.0,1.0,1.0,1.0
32.0,119.0,1.0,1.0,1.0,1.0
32.0,120.0,1.0,1.0,1.0,1.0
32.0,121.0,1.0,1.0,1.0,1.0
32.0,122.0,1.0,1.0,1.0,1.0
32.0,123.0,1.0,1.0,1.0,1.0
32.0,124.0,1.0,1.0,1.0,1.0
32.0,125.0,1.0,1.0,1.0,1.0
32.0,126.0,1.0,1.0,1.0,1.0
32.0,127.0,1.0,1.0,1.0,1.0
32.0,128.0,1.0,1.0,1.0,1.0
32.0,129.0,1.0,1.0,1.0,1.0
32.0,130.0,1.0,1.0,1.0,1.0
32.0,131.0,1.0,1.0,1.0,1.0
32.0,132.0,1.0,1.0,1.0,1.0
32.0,133.0,1.0,1.0,1.0,1.0
32.0,134.0,1.0,1.0,1.0,1.0
32.0,135.0,1.0,1.0,1.0,1.0
33.0,73.0,1.0,1.0,1.0,1.0
33.0,74.0,1.0,1.0,1.0,1.0
33.0,75.0,1.0,1.0,1.0,1.0
33.0,76.0,1.0,1.0,1.0,1.0
33.0,77.0,1.0,1.0,1.0,1.0
33.0,78.0,1.0,1.0,1.0,1.0
33.0,79.0,1.0,1.0,1.0,1.0
33.0,80.0,1.0,1.0,1.0,1.0
33.0,81.0,1.0,1.0,1.0,1.0
33.0,82.0,1.0,1.0,1.0,1.0
33.0,83.0,1.0,1.0,1.0,1.0
33.0,84.0,1.0,1.0,1.0,1.0
33.0,85.0,1.0,1.0,1.0,1.0
33.0,86.0,1.0,1.0,1.0,1.0
33.0,87.0,1.0,1.0,1.0,1.0
33.0,88.0,1.0,1.0,1.0,1.0
33.0,89.0,1.0,1.0,1.0,1.0
33.0,90.0,1.0,1.0,1.0,1.0
33.0,91.0,1.0,1.0,1.0,1.0
33.0,92.0,1.0,1.0,1.0,1.0
33.0,93.0,1.0,1.0,1.0,1.0
33.0,94.0,1.0,1.0,1.0,1.0
33.0,95.0,1.0,1.0,1.0,1.0
33.0,96.0,1.0,1.0,1.0,1.0
33.0,97.0,1.0,1.0,1.0,1.0
33.0,98.0,1.0,1.0,1.0,1.0
33.0,99.0,1.0,1.0,1.0,1.0
33.0,100.0,1.0,1.0,1.0,1.0
33.0,101.0,1.0,1.0,1.0,1.0
33.0,102.0,1.0,1.0,1.0,1.0
33.0,103.0,1.0,1.0,1.0,1.0
33.0,104.0,1.0,1.0,1.0,1.0
33.0,105.0,1.0,1.0,1.0,1.0
33.0,106.0,1.0,1.0,1.0,1.0
33.0,107.0,1.0,1.0,1.0,1.0
33.0,108.0,1.0,1.0,1.0,1.0
33.0,109.0,1.0,1.0,1.0,1.0
33.0,110.0,1.0,1.0,1.0,1.0
33.0,111.0,1.0,1.0,1.0,1.0
33.0,112.0,1.0,1.0,1.0,1.0
33.0,113.0,1.0,1.0,1.0,1.0
33.0,114.0,1.0,1.0,1.0,1.0
33.0,115.0,1.0,1.0,1.0,1.0
33.0,116.0,1.0,1.0,1.0,1.0
33.0,117.0,1.0,1.0,1.0,1.0
33.0,118.0,1.0,1.0,1.0,1.0
33.0,119.0,1.0,1.0,1.0,1.0
33.0,120.0,1.0,1.0,1.0,1.0
33.0,121.0,1.0,1.0,1.0,1.0
33.0,122.0,1.0,1.0,1.0,1.0
33.0,123.0,1.0,1.0,1.0,1.0
33.0,124.0,1.0,1.0,1.0,1.0
33.0,125.0,1.0,1.0,1.0,1.0
33.0,126.0,1.0,1.0,1.0,1.0
33.0,127.0,1.0,1.0,1.0,1.0
33.0,128.0,1.0,1.0,1.0,1.0
33.0,129.0,1.0,1.0,1.0,1.0
33.0,130.0,1.0,1.0,1.0,1.0
33.0,131.0,1.0,1.0,1.0,1.0
33.0,132.0,1.0,1.0,1.0,1.0
33.0,133.0,1.0,1.0,1.0,1.0
33.0,134.0,1.0,1.0,1.0,1.0
33.0,135.0,1.0,1.0,1.0,1.0
34.0,73.0,1.0,1.0,1.0,1.0
34.0,74.0,1.0,1.0,1.0,1.0
34.0,75.0,1.0,1.0,1.0,1.0
34.0,76.0,1.0,1.0,1.0,1.0
34.0,77.0,1.0,1.0,1.0,1.0
34.0,78.0,1.0,1.0,1.0,1.0
34.0,79.0,1.0,1.0,1.0,1.0
34.0,80.0,1.0,1.0,1.0,1.0
34.0,81.0,1.0,1.0,1.0,1.0
34.0,82.0,1.0,1.0,1.0,1.0
34.0,83.0,1.0,1.0,1.0,1.0
34.0,84.0,1.0,1.0,1.0,1.0
34.0,85.0,1.0,1.0,1.0,1.0
34.0,86.0,1.0,1.0,1.0,1.0
34.0,87.0,1.0,1.0,1.0,1.0
34.0,88.0,1.0,1.0,1.0,1.0
34.0,89.0,1.0,1.0,1.0,1.0
34.0,90.0,1.0,1.0,1.0,1.0
34.0,91.0,1.0,1.0,1.0,1.0
34.0,92.0,1.0,1.0,1.0,1.0
34.0,93.0,1.0,1.0,1.0,1.0
34.0,94.0,1.0,1.0,1.0,1.0
34.0,95.0,1.0,1.0,1.0,1.0
34.0,96.0,1.0,1.0,1.0,1.0
34.0,97.0,1.0,1.0,1.0,1.0
34.0,98.0,1.0,1.0,1.0,1.0
34.0,99.0,1.0,1.0,1.0,1.0
34.0,100.0,1.0,1.0,1.0,1.0
34.0,101.0,1.0,1.0,1.0,1.0
34.0,102.0,1.0,1.0,1.0,1.0
34.0,103.0,1.0,1.0,1.0,1.0
34.0,104.0,1.0,1.0,1.0,1.0
34.0,105.0,1.0,1.0,1.0,1.0
34.0,106.0,1.0,1.0,1.0,1.0
34.0,107.0,1.0,1.0,1.0,1.0
34.0,108.0,1.0,1.0,1.0,1.0
34.0,109.0,1.0,1.0,1.0,1.0
34.0,110.0,1.0,1.0,1.0,1.0
34.0,111.0,1.0,1.0,1.0,1.0
34.0,112.0,1.0,1.0,1.0,1.0
34.0,113.0,1.0,1.0,1.0,1.0
34.0,114.0,1.0,1.0,1.0,1.0
34.0,115.0,1.0,1.0,1.0,1.0
34.0,116.0,1.0,1.0,1.0,1.0
34.0,117.0,1.0,1.0,1.0,1.0
34.0,118.0,1.0,1.0,1.0,1.0
34.0,119.0,1.0,1.0,1.0,1.0
34.0,120.0,1.0,1.0,1.0,1.0
34.0,121.0,1.0,1.0,1.0,1.0
34.0,122.0,1.0,1.0,1.0,1.0
34.0,123.0,1.0,1.0,1.0,1.0
34.0,124.0,1.0,1.0,1.0,1.0
34.0,125.0,1.0,1.0,1.0,1.0
34.0,126.0,1.0,1.0,1.0,1.0
34.0,127.0,1.0,1.0,1.0,1.0
34.0,128.0,1.0,1.0,1.0,1.0
34.0,129.0,1.0,1.0,1.0,1.0
34.0,130.0,1.0,1.0,1.0,1.0
34.0,131.0,1.0,1.0,1.0,1.0
34.0,132.0,1.0,1.0,1.0,1.0
34.0,133.0,1.0,1.0,1.0,1.0
34.0,134.0,1.0,1.0,1.0,1.0
34.0,135.0,1.0,1.0,1.0,1.0
35.0,73.0,1.0,1.0,1.0,1.0
35.0,74.0,1.0,1.0,1.0,1.0
35.0,75.0,1.0,1.0,1.0,1.0
35.0,76.0,1.0,1.0,1.0,1.0
35.0,77.0,1.0,1.0,1.0,1.0
35.0,78.0,1.0,1.0,1.0,1.0
35.0,79.0,1.0,1.0,1.0,1.0
35.0,80.0,1.0,1.0,1.0,1.0
35.0,81.0,1.0,1.0,1.0,1.0
35.0,82.0,1.0,1.0,1.0,1.0
35.0,83.0,1.0,1.0,1.0,1.0
35.0,84.0,1.0,1.0,1.0,1.0
35.0,85.0,1.0,1.0,1.0,1.0
35.0,86.0,1.0,1.0,1.0,1.0
35.0,87.0,1.0,1.0,1.0,1.0
35.0,88.0,1.0,1.0,1.0,1.0
35.0,89.0,1.0,1.0,1.0,1.0
35.0,90.0,1.0,1.0,1.0,1.0
35.0,91.0,1.0,1.0,1.0,1.0
35.0,92.0,1.0,1.0,1.0,1.0
35.0,93.0,1.0,1.0,1.0,1.0
35.0,94.0,1.0,1.0,1.0,1.0
35.0,95.0,1.0,1.0,1.0,1.0
35.0,96.0,1.0,1.0,1.0,1.0
35.0,97.0,1.0,1.0,1.0,1.0
35.0,98.0,1.0,1.0,1.0,1.0
35.0,99.0,1.0,1.0,1.0,1.0
35.0,100.0,1.0,1.0,1.0,1.0
35.0,101.0,1.0,1.0,1.0,1.0
35.0,102.0,1.0,1.0,1.0,1.0
35.0,103.0,1.0,1.0,1.0,1.0
35.0,104.0,1.0,1.0,1.0,1.0
35.0,105.0,1.0,1.0,1.0,1.0
35.0,106.0,1.0,1.0,1.0,1.0
35.0,107.0,1.0,1.0,1.0,1.0
35.0,108.0,1.0,1.0,1.0,1.0
35.0,109.0,1.0,1.0,1.0,1.0
35.0,110.0,1.0,1.0,1.0,1.0
35.0,111.0,1.0,1.0,1.0,1.0
35.0,112.0,1.0,1.0,1.0,1.0
35.0,113.0,1.0,1.0,1.0,1.0
35.0,114.0,1.0,1.0,1.0,1.0
35.0,115.0,1.0,1.0,1.0,1.0
35.0,116.0,1.0,1.0,1.0,1.0
35.0,117.0,1.0,1.0,1.0,1.0
35.0,118.0,1.0,1.0,1.0,1.0
35.0,119.0,1.0,1.0,1.0,1.0
35.0,120.0,1.0,1.0,1.0,1.0
35.0,121.0,1.0,1.0,1.0,1.0
35.0,122.0,1.0,1.0,1.0,1.0
35.0,123.0,1.0,1.0,1.0,1.0
35.0,124.0,1.0,1.0,1.0,1.0
35.0,125.0,1.0,1.0,1.0,1.0
35.0,126.0,1.0,1.0,1.0,1.0
35.0,127.0,1.0,1.0,1.0,1.0
35.0,128.0,1.0,1.0,1.0,1.0
35.0,129.0,1.0,1.0,1.0,1.0
35.0,130.0,1.0,1.0,1.0,1.0
35.0,131.0,1.0,1.0,1.0,1.0
35.0,132.0,1.0,1.0,1.0,1.0
35.0,133.0,1.0,1.0,1.0,1.0
35.0,134.0,1.0,1.0,1.0,1.0
35.0,135.0,1.0,1.0,1.0,1.0
36.0,73.0,1.0,1.0,1.0,1.0
36.0,74.0,1.0,1.0,1.0,1.0
36.0,75.0,1.0,1.0,1.0,1.0
36.0,76.0,1.0,1.0,1.0,1.0
36.0,77.0,1.0,1.0,1.0,1.0
36.0,78.0,1.0,1.0,1.0,1.0
36.0,79.0,1.0,1.0,1.0,1.0
36.0,80.0,1.0,1.0,1.0,1.0
36.0,81.0,1.0,1.0,1.0,1.0
36.0,82.0,1.0,1.0,1.0,1.0
36.0,83.0,1.0,1.0,1.0,1.0
36.0,84.0,1.0,1.0,1.0,1.0
36.0,85.0,1.0,1.0,1.0,1.0
36.0,86.0,1.0,1.0,1.0,1.0
36.0,87.0,1.0,1.0,1.0,1.0
36.0,88.0,1.0,1.0,1.0,1.0
36.0,89.0,1.0,1.0,1.0,1.0
36.0,90.0,1.0,1.0,1.0,1.0
36.0,91.0,1.0,1.0,1.0,1.0
36.0,92.0,1.0,1.0,1.0,1.0
36.0,93.0,1.0,1.0,1.0,1.0
36.0,94.0,1.0,1.0,1.0,1.0
36.0,95.0,1.0,1.0,1.0,1.0
36.0,96.0,1.0,1.0,1.0,1.0
36.0,97.0,1.0,1.0,1.0,1.0
36.0,98.0,1.0,1.0,1.0,1.0
36.0,99.0,1.0,1.0,1.0,1.0
36.0,100.0,1.0,1.0,1.0,1.0
36.0,101.0,1.0,1.0,1.0,1.0
36.0,102.0,1.0,1.0,1.0,1.0
36.0,103.0,1.0,1.0,1.0,1.0
36.0,104.0,1.0,1.0,1.0,1.0
36.0,105.0,1.0,1.0,1.0,1.0
36.0,106.0,1.0,1.0,1.0,1.0
36.0,107.0,1.0,1.0,1.0,1.0
36.0,108.0,1.0,1.0,1.0,1.0
36.0,109.0,1.0,1.0,1.0,1.0
36.0,110.0,1.0,1.0,1.0,1.0
36.0,111.0,1.0,1.0,1.0,1.0
36.0,112.0,1.0,1.0,1.0,1.0
36.0,113.0,1.0,1.0,1.0,1.0
36.0,114.0,1.0,1.0,1.0,1.0
36.0,115.0,1.0,1.0,1.0,1.0
36.0,116.0,1.0,1.0,1.0,1.0
36.0,117.0,1.0,1.0,1.0,1.0
36.0,118.0,1.0,1.0,1.0,1.0
36.0,119.0,1.0,1.0,1.0,1.0
36.0,120.0,1.0,1.0,1.0,1.0
36.0,121.0,1.0,1.0,1.0,1.0
36.0,122.0,1.0,1.0,1.0,1.0
36.0,123.0,1.0,1.0,1.0,1.0
36.0,124.0,1.0,1.0,1.0,1.0
36.0,125.0,1.0,1.0,1.0,1.0
36.0,126.0,1.0,1.0,1.0,1.0
36.0,127.0,1.0,1.0,1.0,1.0
36.0,128.0,1.0,1.0,1.0,1.0
36.0,129.0,1.0,1.0,1.0,1.0
36.0,130.0,1.0,1.0,1.0,1.0
36.0,131.0,1.0,1.0,1.0,1.0
36.0,132.0,1.0,1.0,1.0,1.0
36.0,133.0,1.0,1.0,1.0,1.0
36.0,134.0,1.0,1.0,1.0,1.0
36.0,135.0,1.0,1.0,1.0,1.0
37.0,73.0,1.0,1.0,1.0,1.0
37.0,74.0,1.0,1.0,1.0,1.0
37.0,75.0,1.0,1.0,1.0,1.0
37.0,76.0,1.0,1.0,1.0,1.0
37.0,77.0,1.0,1.0,1.0,1.0
37.0,78.0,1.0,1.0,1.0,1.0
37.0,79.0,1.0,1.0,1.0,1.0
37.0,80.0,1.0,1.0,1.0,1.0
37.0,81.0,1.0,1.0,1.0,1.0
37.0,82.0,1.0,1.0,1.0,1.0
37.0,83.0,1.0,1.0,1.0,1.0
37.0,84.0,1.0,1.0,1.0,1.0
37.0,85.0,1.0,1.0,1.0,1.0
37.0,86.0,1.0,1.0,1.0,1.0
37.0,87.0,1.0,1.0,1.0,1.0
37.0,88.0,1.0,1.0,1.0,1.0
37.0,89.0,1.0,1.0,1.0,1.0
37.0,90.0,1.0,1.0,1.0,1.0
37.0,91.0,1.0,1.0,1.0,1.0
37.0,92.0,1.0,1.0,1.0,1.0
37.0,93.0,1.0,1.0,1.0,1.0
37.0,94.0,1.0,1.0,1.0,1.0
37.0,95.0,1.0,1.0,1.0,1.0
37.0,96.0,1.0,1.0,1.0,1.0
37.0,97.0,1.0,1.0,1.0,1.0
37.0,98.0,1.0,1.0,1.0,1.0
37.0,99.0,1.0,1.0,1.0,1.0
37.0,100.0,1.0,1.0,1.0,1.0
37.0,101.0,1.0,1.0,1.0,1.0
37.0,102.0,1.0,1.0,1.0,1.0
37.0,103.0,1.0,1.0,1.0,1.0
37.0,104.0,1.0,1.0,1.0,1.0
37.0,105.0,1.0,1.0,1.0,1.0
37.0,106.0,1.0,1.0,1.0,1.0
37.0,107.0,1.0,1.0,1.0,1.0
37.0,108.0,1.0,1.0,1.0,1.0
37.0,109.0,1.0,1.0,1.0,1.0
37.0,110.0,1.0,1.0,1.0,1.0
37.0,111.0,1.0,1.0,1.0,1.0
37.0,112.0,1.0,1.0,1.0,1.0
37.0,113.0,1.0,1.0,1.0,1.0
37.0,114.0,1.0,1.0,1.0,1.0
37.0,115.0,1.0,1.0,1.0,1.0
37.0,116.0,1.0,1.0,1.0,1.0
37.0,117.0,1.0,1.0,1.0,1.0
37.0,118.0,1.0,1.0,1.0,1.0
37.0,119.0,1.0,1.0,1.0,1.0
37.0,120.0,1.0,1.0,1.0,1.0
37.0,121.0,1.0,1.0,1.0,1.0
37.0,122.0,1.0,1.0,1.0,1.0
37.0,123.0,1.0,1.0,1.0,1.0
37.0,124.0,1.0,1.0,1.0,1.0
37.0,125.0,1.0,1.0,1.0,1.0
37.0,126.0,1.0,1.0,1.0,1.0
37.0,127.0,1.0,1.0,1.0,1.0
37.0,128.0,1.0,1.0,1.0,1.0
37.0,129.0,1.0,1.0,1.0,1.0
37.0,130.0,1.0,1.0,1.0,1.0
37.0,131.0,1.0,1.0,1.0,1.0
37.0,132.0,1.0,1.0,1.0,1.0
37.0,133.0,1.0,1.0,1.0,1.0
37.0,134.0,1.0,1.0,1.0,1.0
37.0,135.0,1.0,1.0,1.0,1.0
38.0,73.0,1.0,1.0,1.0,1.0
38.0,74.0,1.0,1.0,1.0,1.0
38.0,75.0,1.0,1.0,1.0,1.0
38.0,76.0,1.0,1.0,1.0,1.0
38.0,77.0,1.0,1.0,1.0,1.0
38.0,78.0,1.0,1.0,1.0,1.0
38.0,79.0,1.0,1.0,1.0,1.0
38.0,80.0,1.0,1.0,1.0,1.0
38.0,81.0,1.0,1.0,1.0,1.0
38.0,82.0,1.0,1.0,1.0,1.0
38.0,83.0,1.0,1.0,1.0,1.0
38.0,84.0,1.0,1.0,1.0,1.0
38.0,85.0,1.0,1.0,1.0,1.0
38.0,86.0,1.0,1.0,1.0,1.0
38.0,87.0,1.0,1.0,1.0,1.0
38.0,88.0,1.0,1.0,1.0,1.0
38.0,89.0,1.0,1.0,1.0,1.0
38.0,90.0,1.0,1.0,1.0,1.0
38.0,91.0,1.0,1.0,1.0,1.0
38.0,92.0,1.0,1.0,1.0,1.0
38.0,93.0,1.0,1.0,1.0,1.0
38.0,94.0,1.0,1.0,1.0,1.0
38.0,95.0,1.0,1.0,1.0,1.0
38.0,96.0,1.0,1.0,1.0,1.0
38.0,97.0,1.0,1.0,1.0,1.0
38.0,98.0,1.0,1.0,1.0,1.0
38.0,99.0,1.0,1.0,1.0,1.0
38.0,100.0,1.0,1.0,1.0,1.0
38.0,101.0,1.0,1.0,1.0,1.0
38.0,102.0,1.0,1.0,1.0,1.0
38.0,103.0,1.0,1.0,1.0,1.0
38.0,104.0,1.0,1.0,1.0,1.0
38.0,105.0,1.0,1.0,1.0,1.0
38.0,106.0,1.0,1.0,1.0,1.0
38.0,107.0,1.0,1.0,1.0,1.0
38.0,108.0,1.0,1.0,1.0,1.0
38.0,109.0,1.0,1.0,1.0,1.0
38.0,110.0,1.0,1.0,1.0,1.0
38.0,111.0,1.0,1.0,1.0,1.0
38.0,112.0,1.0,1.0,1.0,1.0
38.0,113.0,1.0,1.0,1.0,1.0
38.0,114.0,1.0,1.0,1.0,1.0
38.0,115.0,1.0,1.0,1.0,1.0
38.0,116.0,1.0,1.0,1.0,1.0
38.0,117.0,1.0,1.0,1.0,1.0
38.0,118.0,1.0,1.0,1.0,1.0
38.0,119.0,1.0,1.0,1.0,1.0
38.0,120.0,1.0,1.0,1.0,1.0
38.0,121.0,1.0,1.0,1.0,1.0
38.0,122.0,1.0,1.0,1.0,1.0
38.0,123.0,1.0,1.0,1.0,1.0
38.0,124.0,1.0,1.0,1.0,1.0
38.0,125.0,1.0,1.0,1.0,1.0
38.0,126.0,1.0,1.0,1.0,1.0
38.0,127.0,1.0,1.0,1.0,1.0
38.0,128.0,1.0,1.0,1.0,1.0
38.0,129.0,1.0,1.0,1.0,1.0
38.0,130.0,1.0,1.0,1.0,1.0
38.0,131.0,1.0,1.0,1.0,1.0
38.0,132.0,1.0,1.0,1.0,1.0
38.0,133.0,1.0,1.0,1.0,1.0
38.0,134.0,1.0,1.0,1.0,1.0
38.0,135.0,1.0,1.0,1.0,1.0
39.0,73.0,1.0,1.0,1.0,1.0
39.0,74.0,1.0,1.0,1.0,1.0
39.0,75.0,1.0,1.0,1.0,1.0
39.0,76.0,1.0,1.0,1.0,1.0
39.0,77.0,1.0,1.0,1.0,1.0
39.0,78.0,1.0,1.0,1.0,1.0
39.0,79.0,1.0,1.0,1.0,1.0
39.0,80.0,1.0,1.0,1.0,1.0
39.0,81.0,1.0,1.0,1.0,1.0
39.0,82.0,1.0,1.0,1.0,1.0
39.0,83.0,1.0,1.0,1.0,1.0
39.0,84.0,1.0,1.0,1.0,1.0
39.0,85.0,1.0,1.0,1.0,1.0
39.0,86.0,1.0,1.0,1.0,1.0
39.0,87.0,1.0,1.0,1.0,1.0
39.0,88.0,1.0,1.0,1.0,1.0
39.0,89.0,1.0,1.0,1.0,1.0
39.0,90.0,1.0,1.0,1.0,1.0
39.0,91.0,1.0,1.0,1.0,1.0
39.0,92.0,1.0,1.0,1.0,1.0
39.0,93.0,1.0,1.0,1.0,1.0
39.0,94.0,1.0,1.0,1.0,1.0
39.0,95.0,1.0,1.0,1.0,1.0
39.0,96.0,1.0,1.0,1.0,1.0
39.0,97.0,1.0,1.0,1.0,1.0
39.0,98.0,1.0,1.0,1.0,1.0
39.0,99.0,1.0,1.0,1.0,1.0
39.0,100.0,1.0,1.0,1.0,1.0
39.0,101.0,1.0,1.0,1.0,1.0
39.0,102.0,1.0,1.0,1.0,1.0
39.0,103.0,1.0,1.0,1.0,1.0
39.0,104.0,1.0,1.0,1.0,1.0
39.0,105.0,1.0,1.0,1.0,1.0
39.0,106.0,1.0,1.0,1.0,1.0
39.0,107.0,1.0,1.0,1.0,1.0
39.0,108.0,1.0,1.0,1.0,1.0
39.0,109.0,1.0,1.0,1.0,1.0
39.0,110.0,1.0,1.0,1.0,1.0
39.0,111.0,1.0,1.0,1.0,1.0
39.0,112.0,1.0,1.0,1.0,1.0
39.0,113.0,1.0,1.0,1.0,1.0
39.0,114.0,1.0,1.0,1.0,1.0
39.0,115.0,1.0,1.0,1.0,1.0
39.0,116.0,1.0,1.0,1.0,1.0
39.0,117.0,1.0,1.0,1.0,1.0
39.0,118.0,1.0,1.0,1.0,1.0
39.0,119.0,1.0,1.0,1.0,1.0
39.0,120.0,1.0,1.0,1.0,1.0
39.0,121.0,1.0,1.0,1.0,1.0
39.0,122.0,1.0,1.0,1.0,1.0
39.0,123.0,1.0,1.0,1.0,1.0
39.0,124.0,1.0,1.0,1.0,1.0
39.0,125.0,1.0,1.0,1.0,1.0
39.0,126.0,1.0,1.0,1.0,1.0
39.0,127.0,1.0,1.0,1.0,1.0
39.0,128.0,1.0,1.0,1.0,1.0
39.0,129.0,1.0,1.0,1.0,1.0
39.0,130.0,1.0,1.0,1.0,1.0
39.0,131.0,1.0,1.0,1.0,1.0
39.0,132.0,1.0,1.0,1.0,1.0
39.0,133.0,1.0,1.0,1.0,1.0
39.0,134.0,1.0,1.0,1.0,1.0
39.0,135.0,1.0,1.0,1.0,1.0
40.0,73.0,1.0,1.0,1.0,1.0
40.0,74.0,1.0,1.0,1.0,1.0
40.0,75.0,1.0,1.0,1.0,1.0
40.0,76.0,1.0,1.0,1.0,1.0
40.0,77.0,1.0,1.0,1.0,1.0
40.0,78.0,1.0,1.0,1.0,1.0
40.0,79.0,1.0,1.0,1.0,1.0
40.0,80.0,1.0,1.0,1.0,1.0
40.0,81.0,1.0,1.0,1.0,1.0
40.0,82.0,1.0,1.0,1.0,1.0
40.0,83.0,1.0,1.0,1.0,1.0
40.0,84.0,1.0,1.0,1.0,1.0
40.0,85.0,1.0,1.0,1.0,1.0
40.0,86.0,1.0,1.0,1.0,1.0
40.0,87.0,1.0,1.0,1.0,1.0
40.0,88.0,1.0,1.0,1.0,1.0
40.0,89.0,1.0,1.0,1.0,1.0
40.0,90.0,1.0,1.0,1.0,1.0
40.0,91.0,1.0,1.0,1.0,1.0
40.0,92.0,1.0,1.0,1.0,1.0
40.0,93.0,1.0,1.0,1.0,1.0
40.0,94.0,1.0,1.0,1.0,1.0
40.0,95.0,1.0,1.0,1.0,1.0
40.0,96.0,1.0,1.0,1.0,1.0
40.0,97.0,1.0,1.0,1.0,1.0
40.0,98.0,1.0,1.0,1.0,1.0
40.0,99.0,1.0,1.0,1.0,1.0
40.0,100.0,1.0,1.0,1.0,1.0
40.0,101.0,1.0,1.0,1.0,1.0
40.0,102.0,1.0,1.0,1.0,1.0
40.0,103.0,1.0,1.0,1.0,1.0
40.0,104.0,1.0,1.0,1.0,1.0
40.0,105.0,1.0,1.0,1.0,1.0
40.0,106.0,1.0,1.0,1.0,1.0
40.0,107.0,1.0,1.0,1.0,1.0
40.0,108.0,1.0,1.0,1.0,1.0
40.0,109.0,1.0,1.0,1.0,1.0
40.0,110.0,1.0,1.0,1.0,1.0
40.0,111.0,1.0,1.0,1.0,1.0
40.0,112.0,1.0,1.0,1.0,1.0
40.0,113.0,1.0,1.0,1.0,1.0
40.0,114.0,1.0,1.0,1.0,1.0
40.0,115.0,1.0,1.0,1.0,1.0
40.0,116.0,1.0,1.0,1.0,1.0
40.0,117.0,1.0,1.0,1.0,1.0
40.0,118.0,1.0,1.0,1.0,1.0
40.0,119.0,1.0,1.0,1.0,1.0
40.0,120.0,1.0,1.0,1.0,1.0
40.0,121.0,1.0,1.0,1.0,1.0
40.0,122.0,1.0,1.0,1.0,1.0
40.0,123.0,1.0,1.0,1.0,1.0
40.0,124.0,1.0,1.0,1.0,1.0
40.0,125.0,1.0,1.0,1.0,1.0
40.0,126.0,1.0,1.0,1.0,1.0
40.0,127.0,1.0,1.0,1.0,1.0
40.0,128.0,1.0,1.0,1.0,1.0
40.0,129.0,1.0,1.0,1.0,1.0
40.0,130.0,1.0,1.0,1.0,1.0
40.0,131.0,1.0,1.0,1.0,1.0
40.0,132.0,1.0,1.0,1.0,1.0
40.0,133.0,1.0,1.0,1.0,1.0
40.0,134.0,1.0,1.0,1.0,1.0
40.0,135.0,1.0,1.0,1.0,1.0
41.0,73.0,1.0,1.0,1.0,1.0
41.0,74.0,1.0,1.0,1.0,1.0
41.0,75.0,1.0,1.0,1.0,1.0
41.0,76.0,1.0,1.0,1.0,1.0
41.0,77.0,1.0,1.0,1.0,1.0
41.0,78.0,1.0,1.0,1.0,1.0
41.0,79.0,1.0,1.0,1.0,1.0
41.0,80.0,1.0,1.0,1.0,1.0
41.0,81.0,1.0,1.0,1.0,1.0
41.0,82.0,1.0,1.0,1.0,1.0
41.0,83.0,1.0,1.0,1.0,1.0
41.0,84.0,1.0,1.0,1.0,1.0
41.0,85.0,1.0,1.0,1.0,1.0
41.0,86.0,1.0,1.0,1.0,1.0
41.0,87.0,1.0,1.0,1.0,1.0
41.0,88.0,1.0,1.0,1.0,1.0
41.0,89.0,1.0,1.0,1.0,1.0
41.0,90.0,1.0,1.0,1.0,1.0
41.0,91.0,1.0,1.0,1.0,1.0
41.0,92.0,1.0,1.0,1.0,1.0
41.0,93.0,1.0,1.0,1.0,1.0
41.0,94.0,1.0,1.0,1.0,1.0
41.0,95.0,1.0,1.0,1.0,1.0
41.0,96.0,1.0,1.0,1.0,1.0
41.0,97.0,1.0,1.0,1.0,1.0
41.0,98.0,1.0,1.0,1.0,1.0
41.0,99.0,1.0,1.0,1.0,1.0
41.0,100.0,1.0,1.0,1.0,1.0
41.0,101.0,1.0,1.0,1.0,1.0
41.0,102.0,1.0,1.0,1.0,1.0
41.0,103.0,1.0,1.0,1.0,1.0
41.0,104.0,1.0,1.0,1.0,1.0
41.0,105.0,1.0,1.0,1.0,1.0
41.0,106.0,1.0,1.0,1.0,1.0
41.0,107.0,1.0,1.0,1.0,1.0
41.0,108.0,1.0,1.0,1.0,1.0
41.0,109.0,1.0,1.0,1.0,1.0
41.0,110.0,1.0,1.0,1.0,1.0
41.0,111.0,1.0,1.0,1.0,1.0
41.0,112.0,1.0,1.0,1.0,1.0
41.0,113.0,1.0,1.0,1.0,1.0
41.0,114.0,1.0,1.0,1.0,1.0
41.0,115.0,1.0,1.0,1.0,1.0
41.0,116.0,1.0,1.0,1.0,1.0
41.0,117.0,1.0,1.0,1.0,1.0
41.0,118.0,1.0,1.0,1.0,1.0
41.0,119.0,1.0,1.0,1.0,1.0
41.0,120.0,1.0,1.0,1.0,1.0
41.0,121.0,1.0,1.0,1.0,1.0
41.0,122.0,1.0,1.0,1.0,1.0
41.0,123.0,1.0,1.0,1.0,1.0
41.0,124.0,1.0,1.0,1.0,1.0
41.0,125.0,1.0,1.0,1.0,1.0
41.0,126.0,1.0,1.0,1.0,1.0
41.0,127.0,1.0,1.0,1.0,1.0
41.0,128.0,1.0,1.0,1.0,1.0
41.0,129.0,1.0,1.0,1.0,1.0
41.0,130.0,1.0,1.0,1.0,1.0
41.0,131.0,1.0,1.0,1.0,1.0
41.0,132.0,1.0,1.0,1.0,1.0
41.0,133.0,1.0,1.0,1.0,1.0
41.0,134.0,1.0,1.0,1.0,1.0
41.0,135.0,1.0,1.0,1.0,1.0
42.0,73.0,1.0,1.0,1.0,1.0
42.0,74.0,1.0,1.0,1.0,1.0
42.0,75.0,1.0,1.0,1.0,1.0
42.0,76.0,1.0,1.0,1.0,1.0
42.0,77.0,1.0,1.0,1.0,1.0
42.0,78.0,1.0,1.0,1.0,1.0
42.0,79.0,1.0,1.0,1.0,1.0
42.0,80.0,1.0,1.0,1.0,1.0
42.0,81.0,1.0,1.0,1.0,1.0
42.0,82.0,1.0,1.0,1.0,1.0
42.0,83.0,1.0,1.0,1.0,1.0
42.0,84.0,1.0,1.0,1.0,1.0
42.0,85.0,1.0,1.0,1.0,1.0
42.0,86.0,1.0,1.0,1.0,1.0
42.0,87.0,1.0,1.0,1.0,1.0
42.0,88.0,1.0,1.0,1.0,1.0
42.0,89.0,1.0,1.0,1.0,1.0
42.0,90.0,1.0,1.0,1.0,1.0
42.0,91.0,1.0,1.0,1.0,1.0
42.0,92.0,1.0,1.0,1.0,1.0
42.0,93.0,1.0,1.0,1.0,1.0
42.0,94.0,1.0,1.0,1.0,1.0
42.0,95.0,1.0,1.0,1.0,1.0
42.0,96.0,1.0,1.0,1.0,1.0
42.0,97.0,1.0,1.0,1.0,1.0
42.0,98.0,1.0,1.0,1.0,1.0
42.0,99.0,1.0,1.0,1.0,1.0
42.0,100.0,1.0,1.0,1.0,1.0
42.0,101.0,1.0,1.0,1.0,1.0
42.0,102.0,1.0,1.0,1.0,1.0
42.0,103.0,1.0,1.0,1.0,1.0
42.0,104.0,1.0,1.0,1.0,1.0
42.0,105.0,1.0,1.0,1.0,1.0
42.0,106.0,1.0,1.0,1.0,1.0
42.0,107.0,1.0,1.0,1.0,1.0
42.0,108.0,1.0,1.0,1.0,1.0
42.0,109.0,1.0,1.0,1.0,1.0
42.0,110.0,1.0,1.0,1.0,1.0
42.0,111.0,1.0,1.0,1.0,1.0
42.0,112.0,1.0,1.0,1.0,1.0
42.0,113.0,1.0,1.0,1.0,1.0
42.0,114.0,1.0,1.0,1.0,1.0
42.0,115.0,1.0,1.0,1.0,1.0
42.0,116.0,1.0,1.0,1.0,1.0
42.0,117.0,1.0,1.0,1.0,1.0
42.0,118.0,1.0,1.0,1.0,1.0
42.0,119.0,1.0,1.0,1.0,1.0
42.0,120.0,1.0,1.0,1.0,1.0
42.0,121.0,1.0,1.0,1.0,1.0
42.0,122.0,1.0,1.0,1.0,1.0
42.0,123.0,1.0,1.0,1.0,1.0
42.0,124.0,1.0,1.0,1.0,1.0
42.0,125.0,1.0,1.0,1.0,1.0
42.0,126.0,1.0,1.0,1.0,1.0
42.0,127.0,1.0,1.0,1.0,1.0
42.0,128.0,1.0,1.0,1.0,1.0
42.0,129.0,1.0,1.0,1.0,1.0
42.0,130.0,1.0,1.0,1.0,1.0
42.0,131.0,1.0,1.0,1.0,1.0
42.0,132.0,1.0,1.0,1.0,1.0
42.0,133.0,1.0,1.0,1.0,1.0
42.0,134.0,1.0,1.0,1.0,1.0
42.0,135.0,1.0,1.0,1.0,1.0
43.0,73.0,1.0,1.0,1.0,1.0
43.0,74.0,1.0,1.0,1.0,1.0
43.0,75.0,1.0,1.0,1.0,1.0
43.0,76.0,1.0,1.0,1.0,1.0
43.0,77.0,1.0,1.0,1.0,1.0
43.0,78.0,1.0,1.0,1.0,1.0
43.0,79.0,1.0,1.0,1.0,1.0
43.0,80.0,1.0,1.0,1.0,1.0
43.0,81.0,1.0,1.0,1.0,1.0
43.0,82.0,1.0,1.0,1.0,1.0
43.0,83.0,1.0,1.0,1.0,1.0
43.0,84.0,1.0,1.0,1.0,1.0
43.0,85.0,1.0,1.0,1.0,1.0
43.0,86.0,1.0,1.0,1.0,1.0
43.0,87.0,1.0,1.0,1.0,1.0
43.0,88.0,1.0,1.0,1.0,1.0
43.0,89.0,1.0,1.0,1.0,1.0
43.0,90.0,1.0,1.0,1.0,1.0
43.0,91.0,1.0,1.0,1.0,1.0
43.0,92.0,1.0,1.0,1.0,1.0
43.0,93.0,1.0,1.0,1.0,1.0
43.0,94.0,1.0,1.0,1.0,1.0
43.0,95.0,1.0,1.0,1.0,1.0
43.0,96.0,1.0,1.0,1.0,1.0
43.0,97.0,1.0,1.0,1.0,1.0
43.0,98.0,1.0,1.0,1.0,1.0
43.0,99.0,1.0,1.0,1.0,1.0
43.0,100.0,1.0,1.0,1.0,1.0
43.0,101.0,1.0,1.0,1.0,1.0
43.0,102.0,1.0,1.0,1.0,1.0
43.0,103.0,1.0,1.0,1.0,1.0
43.0,104.0,1.0,1.0,1.0,1.0
43.0,105.0,1.0,1.0,1.0,1.0
43.0,106.0,1.0,1.0,1.0,1.0
43.0,107.0,1.0,1.0,1.0,1.0
43.0,108.0,1.0,1.0,1.0,1.0
43.0,109.0,1.0,1.0,1.0,1.0
43.0,110.0,1.0,1.0,1.0,1.0
43.0,111.0,1.0,1.0,1.0,1.0
43.0,112.0,1.0,1.0,1.0,1.0
43.0,113.0,1.0,1.0,1.0,1.0
43.0,114.0,1.0,1.0,1.0,1.0
43.0,115.0,1.0,1.0,1.0,1.0
43.0,116.0,1.0,1.0,1.0,1.0
43.0,117.0,1.0,1.0,1.0,1.0
43.0,118.0,1.0,1.0,1.0,1.0
43.0,119.0,1.0,1.0,1.0,1.0
43.0,120.0,1.0,1.0,1.0,1.0
43.0,121.0,1.0,1.0,1.0,1.0
43.0,122.0,1.0,1.0,1.0,1.0
43.0,123.0,1.0,1.0,1.0,1.0
43.0,124.0,1.0,1.0,1.0,1.0
43.0,125.0,1.0,1.0,1.0,1.0
43.0,126.0,1.0,1.0,1.0,1.0
43.0,127.0,1.0,1.0,1.0,1.0
43.0,128.0,1.0,1.0,1.0,1.0
43.0,129.0,1.0,1.0,1.0,1.0
43.0,130.0,1.0,1.0,1.0,1.0
43.0,131.0,1.0,1.0,1.0,1.0
43.0,132.0,1.0,1.0,1.0,1.0
43.0,133.0,1.0,1.0,1.0,1.0
43.0,134.0,1.0,1.0,1.0,1.0
43.0,135.0,1.0,1.0,1.0,1.0
44.0,73.0,1.0,1.0,1.0,1.0
44.0,74.0,1.0,1.0,1.0,1.0
44.0,75.0,1.0,1.0,1.0,1.0
44.0,76.0,1.0,1.0,1.0,1.0
44.0,77.0,1.0,1.0,1.0,1.0
44.0,78.0,1.0,1.0,1.0,1.0
44.0,79.0,1.0,1.0,1.0,1.0
44.0,80.0,1.0,1.0,1.0,1.0
44.0,81.0,1.0,1.0,1.0,1.0
44.0,82.0,1.0,1.0,1.0,1.0
44.0,83.0,1.0,1.0,1.0,1.0
44.0,84.0,1.0,1.0,1.0,1.0
44.0,85.0,1.0,1.0,1.0,1.0
44.0,86.0,1.0,1.0,1.0,1.0
44.0,87.0,1.0,1.0,1.0,1.0
44.0,88.0,1.0,1.0,1.0,1.0
44.0,89.0,1.0,1.0,1.0,1.0
44.0,90.0,1.0,1.0,1.0,1.0
44.0,91.0,1.0,1.0,1.0,1.0
44.0,92.0,1.0,1.0,1.0,1.0
44.0,93.0,1.0,1.0,1.0,1.0
44.0,94.0,1.0,1.0,1.0,1.0
44.0,95.0,1.0,1.0,1.0,1.0
44.0,96.0,1.0,1.0,1.0,1.0
44.0,97.0,1.0,1.0,1.0,1.0
44.0,98.0,1.0,1.0,1.0,1.0
44.0,99.0,1.0,1.0,1.0,1.0
44.0,100.0,1.0,1.0,1.0,1.0
44.0,101.0,1.0,1.0,1.0,1.0
44.0,102.0,1.0,1.0,1.0,1.0
44.0,103.0,1.0,1.0,1.0,1.0
44.0,104.0,1.0,1.0,1.0,1.0
44.0,105.0,1.0,1.0,1.0,1.0
44.0,106.0,1.0,1.0,1.0,1.0
44.0,107.0,1.0,1.0,1.0,1.0
44.0,108.0,1.0,1.0,1.0,1.0
44.0,109.0,1.0,1.0,1.0,1.0
44.0,110.0,1.0,1.0,1.0,1.0
44.0,111.0,1.0,1.0,1.0,1.0
44.0,112.0,1.0,1.0,1.0,1.0
44.0,113.0,1.0,1.0,1.0,1.0
44.0,114.0,1.0,1.0,1.0,1.0
44.0,115.0,1.0,1.0,1.0,1.0
44.0,116.0,1.0,1.0,1.0,1.0
44.0,117.0,1.0,1.0,1.0,1.0
44.0,118.0,1.0,1.0,1.0,1.0
44.0,119.0,1.0,1.0,1.0,1.0
44.0,120.0,1.0,1.0,1.0,1.0
44.0,121.0,1.0,1.0,1.0,1.0
44.0,122.0,1.0,1.0,1.0,1.0
44.0,123.0,1.0,1.0,1.0,1.0
44.0,124.0,1.0,1.0,1.0,1.0
44.0,125.0,1.0,1.0,1.0,1.0
44.0,126.0,1.0,1.0,1.0,1.0
44.0,127.0,1.0,1.0,1.0,1.0
44.0,128.0,1.0,1.0,1.0,1.0
44.0,129.0,1.0,1.0,1.0,1.0
44.0,130.0,1.0,1.0,1.0,1.0
44.0,131.0,1.0,1.0,1.0,1.0
44.0,132.0,1.0,1.0,1.0,1.0
44.0,133.0,1.0,1.0,1.0,1.0
44.0,134.0,1.0,1.0,1.0,1.0
44.0,135.0,1.0,1.0,1.0,1.0
45.0,73.0,1.0,1.0,1.0,1.0
45.0,74.0,1.0,1.0,1.0,1.0
45.0,75.0,1.0,1.0,1.0,1.0
45.0,76.0,1.0,1.0,1.0,1.0
45.0,77.0,1.0,1.0,1.0,1.0
45.0,78.0,1.0,1.0,1.0,1.0
45.0,79.0,1.0,1.0,1.0,1.0
45.0,80.0,1.0,1.0,1.0,1.0
45.0,81.0,1.0,1.0,1.0,1.0
45.0,82.0,1.0,1.0,1.0,1.0
45.0,83.0,1.0,1.0,1.0,1.0
45.0,84.0,1.0,1.0,1.0,1.0
45.0,85.0,1.0,1.0,1.0,1.0
45.0,86.0,1.0,1.0,1.0,1.0
45.0,87.0,1.0,1.0,1.0,1.0
45.0,88.0,1.0,1.0,1.0,1.0
45.0,89.0,1.0,1.0,1.0,1.0
45.0,90.0,1.0,1.0,1.0,1.0
45.0,91.0,1.0,1.0,1.0,1.0
45.0,92.0,1.0,1.0,1.0,1.0
45.0,93.0,1.0,1.0,1.0,1.0
45.0,94.0,1.0,1.0,1.0,1.0
45.0,95.0,1.0,1.0,1.0,1.0
45.0,96.0,1.0,1.0,1.0,1.0
45.0,97.0,1.0,1.0,1.0,1.0
45.0,98.0,1.0,1.0,1.0,1.0
45.0,99.0,1.0,1.0,1.0,1.0
45.0,100.0,1.0,1.0,1.0,1.0
45.0,101.0,1.0,1.0,1.0,1.0
45.0,102.0,1.0,1.0,1.0,1.0
45.0,103.0,1.0,1.0,1.0,1.0
45.0,104.0,1.0,1.0,1.0,1.0
45.0,105.0,1.0,1.0,1.0,1.0
45.0,106.0,1.0,1.0,1.0,1.0
45.0,107.0,1.0,1.0,1.0,1.0
45.0,108.0,1.0,1.0,1.0,1.0
45.0,109.0,1.0,1.0,1.0,1.0
45.0,110.0,1.0,1.0,1.0,1.0
45.0,111.0,1.0,1.0,1.0,1.0
45.0,112.0,1.0,1.0,1.0,1.0
45.0,113.0,1.0,1.0,1.0,1.0
45.0,114.0,1.0,1.0,1.0,1.0
45.0,115.0,1.0,1.0,1.0,1.0
45.0,116.0,1.0,1.0,1.0,1.0
45.0,117.0,1.0,1.0,1.0,1.0
45.0,118.0,1.0,1.0,1.0,1.0
45.0,119.0,1.0,1.0,1.0,1.0
45.0,120.0,1.0,1.0,1.0,1.0
45.0,121.0,1.0,1.0,1.0,1.0
45.0,122.0,1.0,1.0,1.0,1.0
45.0,123.0,1.0,1.0,1.0,1.0
45.0,124.0,1.0,1.0,1.0,1.0
45.0,125.0,1.0,1.0,1.0,1.0
45.0,126.0,1.0,1.0,1.0,1.0
45.0,127.0,1.0,1.0,1.0,1.0
45.0,128.0,1.0,1.0,1.0,1.0
45.0,129.0,1.0,1.0,1.0,1.0
45.0,130.0,1.0,1.0,1.0,1.0
45.0,131.0,1.0,1.0,1.0,1.0
45.0,132.0,1.0,1.0,1.0,1.0
45.0,133.0,1.0,1.0,1.0,1.0
45.0,134.0,1.0,1.0,1.0,1.0
45.0,135.0,1.0,1.0,1.0,1.0
46.0,73.0,1.0,1.0,1.0,1.0
46.0,74.0,1.0,1.0,1.0,1.0
46.0,75.0,1.0,1.0,1.0,1.0
46.0,76.0,1.0,1.0,1.0,1.0
46.0,77.0,1.0,1.0,1.0,1.0
46.0,78.0,1.0,1.0,1.0,1.0
46.0,79.0,1.0,1.0,1.0,1.0
46.0,80.0,1.0,1.0,1.0,1.0
46.0,81.0,1.0,1.0,1.0,1.0
46.0,82.0,1.0,1.0,1.0,1.0
46.0,83.0,1.0,1.0,1.0,1.0
46.0,84.0,1.0,1.0,1.0,1.0
46.0,85.0,1.0,1.0,1.0,1.0
46.0,86.0,1.0,1.0,1.0,1.0
46.0,87.0,1.0,1.0,1.0,1.0
46.0,88.0,1.0,1.0,1.0,1.0
46.0,89.0,1.0,1.0,1.0,1.0
46.0,90.0,1.0,1.0,1.0,1.0
46.0,91.0,1.0,1.0,1.0,1.0
46.0,92.0,1.0,1.0,1.0,1.0
46.0,93.0,1.0,1.0,1.0,1.0
46.0,94.0,1.0,1.0,1.0,1.0
46.0,95.0,1.0,1.0,1.0,1.0
46.0,96.0,1.0,1.0,1.0,1.0
46.0,97.0,1.0,1.0,1.0,1.0
46.0,98.0,1.0,1.0,1.0,1.0
46.0,99.0,1.0,1.0,1.0,1.0
46.0,100.0,1.0,1.0,1.0,1.0
46.0,101.0,1.0,1.0,1.0,1.0
46.0,102.0,1.0,1.0,1.0,1.0
46.0,103.0,1.0,1.0,1.0,1.0
46.0,104.0,1.0,1.0,1.0,1.0
46.0,105.0,1.0,1.0,1.0,1.0
46.0,106.0,1.0,1.0,1.0,1.0
46.0,107.0,1.0,1.0,1.0,1.0
46.0,108.0,1.0,1.0,1.0,1.0
46.0,109.0,1.0,1.0,1.0,1.0
46.0,110.0,1.0,1.0,1.0,1.0
46.0,111.0,1.0,1.0,1.0,1.0
46.0,112.0,1.0,1.0,1.0,1.0
46.0,113.0,1.0,1.0,1.0,1.0
46.0,114.0,1.0,1.0,1.0,1.0
46.0,115.0,1.0,1.0,1.0,1.0
46.0,116.0,1.0,1.0,1.0,1.0
46.0,117.0,1.0,1.0,1.0,1.0
46.0,118.0,1.0,1.0,1.0,1.0
46.0,119.0,1.0,1.0,1.0,1.0
46.0,120.0,1.0,1.0,1.0,1.0
46.0,121.0,1.0,1.0,1.0,1.0
46.0,122.0,1.0,1.0,1.0,1.0
46.0,123.0,1.0,1.0,1.0,1.0
46.0,124.0,1.0,1.0,1.0,1.0
46.0,125.0,1.0,1.0,1.0,1.0
46.0,126.0,1.0,1.0,1.0,1.0
46.0,127.0,1.0,1.0,1.0,1.0
46.0,128.0,1.0,1.0,1.0,1.0
46.0,129.0,1.0,1.0,1.0,1.0
46.0,130.0,1.0,1.0,1.0,1.0
46.0,131.0,1.0,1.0,1.0,1.0
46.0,132.0,1.0,1.0,1.0,1.0
46.0,133.0,1.0,1.0,1.0,1.0
46.0,134.0,1.0,1.0,1.0,1.0
46.0,135.0,1.0,1.0,1.0,1.0
47.0,73.0,1.0,1.0,1.0,1.0
47.0,74.0,1.0,1.0,1.0,1.0
47.0,75.0,1.0,1.0,1.0,1.0
47.0,76.0,1.0,1.0,1.0,1.0
47.0,77.0,1.0,1.0,1.0,1.0
47.0,78.0,1.0,1.0,1.0,1.0
47.0,79.0,1.0,1.0,1.0,1.0
47.0,80.0,1.0,1.0,1.0,1.0
47.0,81.0,1.0,1.0,1.0,1.0
47.0,82.0,1.0,1.0,1.0,1.0
47.0,83.0,1.0,1.0,1.0,1.0
47.0,84.0,1.0,1.0,1.0,1.0
47.0,85.0,1.0,1.0,1.0,1.0
47.0,86.0,1.0,1.0,1.0,1.0
47.0,87.0,1.0,1.0,1.0,1.0
47.0,88.0,1.0,1.0,1.0,1.0
47.0,89.0,1.0,1.0,1.0,1.0
47.0,90.0,1.0,1.0,1.0,1.0
47.0,91.0,1.0,1.0,1.0,1.0
47.0,92.0,1.0,1.0,1.0,1.0
47.0,93.0,1.0,1.0,1.0,1.0
47.0,94.0,1.0,1.0,1.0,1.0
47.0,95.0,1.0,1.0,1.0,1.0
47.0,96.0,1.0,1.0,1.0,1.0
47.0,97.0,1.0,1.0,1.0,1.0
47.0,98.0,1.0,1.0,1.0,1.0
47.0,99.0,1.0,1.0,1.0,1.0
47.0,100.0,1.0,1.0,1.0,1.0
47.0,101.0,1.0,1.0,1.0,1.0
47.0,102.0,1.0,1.0,1.0,1.0
47.0,103.0,1.0,1.0,1.0,1.0
47.0,104.0,1.0,1.0,1.0,1.0
47.0,105.0,1.0,1.0,1.0,1.0
47.0,106.0,1.0,1.0,1.0,1.0
47.0,107.0,1.0,1.0,1.0,1.0
47.0,108.0,1.0,1.0,1.0,1.0
47.0,109.0,1.0,1.0,1.0,1.0
47.0,110.0,1.0,1.0,1.0,1.0
47.0,111.0,1.0,1.0,1.0,1.0
47.0,112.0,1.0,1.0,1.0,1.0
47.0,113.0,1.0,1.0,1.0,1.0
47.0,114.0,1.0,1.0,1.0,1.0
47.0,115.0,1.0,1.0,1.0,1.0
47.0,116.0,1.0,1.0,1.0,1.0
47.0,117.0,1.0,1.0,1.0,1.0
47.0,118.0,1.0,1.0,1.0,1.0
47.0,119.0,1.0,1.0,1.0,1.0
47.0,120.0,1.0,1.0,1.0,1.0
47.0,121.0,1.0,1.0,1.0,1.0
47.0,122.0,1.0,1.0,1.0,1.0
47.0,123.0,1.0,1.0,1.0,1.0
47.0,124.0,1.0,1.0,1.0,1.0
47.0,125.0,1.0,1.0,1.0,1.0
47.0,126.0,1.0,1.0,1.0,1.0
47.0,127.0,1.0,1.0,1.0,1.0
47.0,128.0,1.0,1.0,1.0,1.0
47.0,129.0,1.0,1.0,1.0,1.0
47.0,130.0,1.0,1.0,1.0,1.0
47.0,131.0,1.0,1.0,1.0,1.0
47.0,132.0,1.0,1.0,1.0,1.0
47.0,133.0,1.0,1.0,1.0,1.0
47.0,134.0,1.0,1.0,1.0,1.0
47.0,135.0,1.0,1.0,1.0,1.0
48.0,73.0,1.0,1.0,1.0,1.0
48.0,74.0,1.0,1.0,1.0,1.0
48.0,75.0,1.0,1.0,1.0,1.0
48.0,76.0,1.0,1.0,1.0,1.0
48.0,77.0,1.0,1.0,1.0,1.0
48.0,78.0,1.0,1.0,1.0,1.0
48.0,79.0,1.0,1.0,1.0,1.0
48.0,80.0,1.0,1.0,1.0,1.0
48.0,81.0,1.0,1.0,1.0,1.0
48.0,82.0,1.0,1.0,1.0,1.0
48.0,83.0,1.0,1.0,1.0,1.0
48.0,84.0,1.0,1.0,1.0,1.0
48.0,85.0,1.0,1.0,1.0,1.0
48.0,86.0,1.0,1.0,1.0,1.0
48.0,87.0,1.0,1.0,1.0,1.0
48.0,88.0,1.0,1.0,1.0,1.0
48.0,89.0,1.0,1.0,1.0,1.0
48.0,90.0,1.0,1.0,1.0,1.0
48.0,91.0,1.0,1.0,1.0,1.0
48.0,92.0,1.0,1.0,1.0,1.0
48.0,93.0,1.0,1.0,1.0,1.0
48.0,94.0,1.0,1.0,1.0,1.0
48.0,95.0,1.0,1.0,1.0,1.0
48.0,96.0,1.0,1.0,1.0,1.0
48.0,97.0,1.0,1.0,1.0,1.0
48.0,98.0,1.0,1.0,1.0,1.0
48.0,99.0,1.0,1.0,1.0,1.0
48.0,100.0,1.0,1.0,1.0,1.0
48.0,101.0,1.0,1.0,1.0,1.0
48.0,102.0,1.0,1.0,1.0,1.0
48.0,103.0,1.0,1.0,1.0,1.0
48.0,104.0,1.0,1.0,1.0,1.0
48.0,105.0,1.0,1.0,1.0,1.0
48.0,106.0,1.0,1.0,1.0,1.0
48.0,107.0,1.0,1.0,1.0,1.0
48.0,108.0,1.0,1.0,1.0,1.0
48.0,109.0,1.0,1.0,1.0,1.0
48.0,110.0,1.0,1.0,1.0,1.0
48.0,111.0,1.0,1.0,1.0,1.0
48.0,112.0,1.0,1.0,1.0,1.0
48.0,113.0,1.0,1.0,1.0,1.0
48.0,114.0,1.0,1.0,1.0,1.0
48.0,115.0,1.0,1.0,1.0,1.0
48.0,116.0,1.0,1.0,1.0,1.0
48.0,117.0,1.0,1.0,1.0,1.0
48.0,118.0,1.0,1.0,1.0,1.0
48.0,119.0,1.0,1.0,1.0,1.0
48.0,120.0,1.0,1.0,1.0,1.0
48.0,121.0,1.0,1.0,1.0,1.0
48.0,122.0,1.0,1.0,1.0,1.0
48.0,123.0,1.0,1.0,1.0,1.0
48.0,124.0,1.0,1.0,1.0,1.0
48.0,125.0,1.0,1.0,1.0,1.0
48.0,126.0,1.0,1.0,1.0,1.0
48.0,127.0,1.0,1.0,1.0,1.0
48.0,128.0,1.0,1.0,1.0,1.0
48.0,129.0,1.0,1.0,1.0,1.0
48.0,130.0,1.0,1.0,1.0,1.0
48.0,131.0,1.0,1.0,1.0,1.0
48.0,132.0,1.0,1.0,1.0,1.0
48.0,133.0,1.0,1.0,1.0,1.0
48.0,134.0,1.0,1.0,1.0,1.0
48.0,135.0,1.0,1.0,1.0,1.0
49.0,73.0,1.0,1.0,1.0,1.0
49.0,74.0,1.0,1.0,1.0,1.0
49.0,75.0,1.0,1.0,1.0,1.0
49.0,76.0,1.0,1.0,1.0,1.0
49.0,77.0,1.0,1.0,1.0,1.0
49.0,78.0,1.0,1.0,1.0,1.0
49.0,79.0,1.0,1.0,1.0,1.0
49.0,80.0,1.0,1.0,1.0,1.0
49.0,81.0,1.0,1.0,1.0,1.0
49.0,82.0,1.0,1.0,1.0,1.0
49.0,83.0,1.0,1.0,1.0,1.0
49.0,84.0,1.0,1.0,1.0,1.0
49.0,85.0,1.0,1.0,1.0,1.0
49.0,86.0,1.0,1.0,1.0,1.0
49.0,87.0,1.0,1.0,1.0,1.0
49.0,88.0,1.0,1.0,1.0,1.0
49.0,89.0,1.0,1.0,1.0,1.0
49.0,90.0,1.0,1.0,1.0,1.0
49.0,91.0,1.0,1.0,1.0,1.0
49.0,92.0,1.0,1.0,1.0,1.0
49.0,93.0,1.0,1.0,1.0,1.0
49.0,94.0,1.0,1.0,1.0,1.0
49.0,95.0,1.0,1.0,1.0,1.0
49.0,96.0,1.0,1.0,1.0,1.0
49.0,97.0,1.0,1.0,1.0,1.0
49.0,98.0,1.0,1.0,1.0,1.0
49.0,99.0,1.0,1.0,1.0,1.0
49.0,100.0,1.0,1.0,1.0,1.0
49.0,101.0,1.0,1.0,1.0,1.0
49.0,102.0,1.0,1.0,1.0,1.0
49.0,103.0,1.0,1.0,1.0,1.0
49.0,104.0,1.0,1.0,1.0,1.0
49.0,105.0,1.0,1.0,1.0,1.0
49.0,106.0,1.0,1.0,1.0,1.0
49.0,107.0,1.0,1.0,1.0,1.0
49.0,108.0,1.0,1.0,1.0,1.0
49.0,109.0,1.0,1.0,1.0,1.0
49.0,110.0,1.0,1.0,1.0,1.0
49.0,111.0,1.0,1.0,1.0,1.0
49.0,112.0,1.0,1.0,1.0,1.0
49.0,113.0,1.0,1.0,1.0,1.0
49.0,114.0,1.0,1.0,1.0,1.0
49.0,115.0,1.0,1.0,1.0,1.0
49.0,116.0,1.0,1.0,1.0,1.0
49.0,117.0,1.0,1.0,1.0,1.0
49.0,118.0,1.0,1.0,1.0,1.0
49.0,119.0,1.0,1.0,1.0,1.0
49.0,120.0,1.0,1.0,1.0,1.0
49.0,121.0,1.0,1.0,1.0,1.0
49.0,122.0,1.0,1.0,1.0,1.0
49.0,123.0,1.0,1.0,1.0,1.0
49.0,124.0,1.0,1.0,1.0,1.0
49.0,125.0,1.0,1.0,1.0,1.0
49.0,126.0,1.0,1.0,1.0,1.0
49.0,127.0,1.0,1.0,1.0,1.0
49.0,128.0,1.0,1.0,1.0,1.0
49.0,129.0,1.0,1.0,1.0,1.0
49.0,130.0,1.0,1.0,1.0,1.0
49.0,131.0,1.0,1.0,1.0,1.0
49.0,132.0,1.0,1.0,1.0,1.0
49.0,133.0,1.0,1.0,1.0,1.0
49.0,134.0,1.0,1.0,1.0,1.0
49.0,135.0,1.0,1.0,1.0,1.0
50.0,73.0,1.0,1.0,1.0,1.0
50.0,74.0,1.0,1.0,1.0,1.0
50.0,75.0,1.0,1.0,1.0,1.0
50.0,76.0,1.0,1.0,1.0,1.0
50.0,77.0,1.0,1.0,1.0,1.0
50.0,78.0,1.0,1.0,1.0,1.0
50.0,79.0,1.0,1.0,1.0,1.0
50.0,80.0,1.0,1.0,1.0,1.0
50.0,81.0,1.0,1.0,1.0,1.0
50.0,82.0,1.0,1.0,1.0,1.0
50.0,83.0,1.0,1.0,1.0,1.0
50.0,84.0,1.0,1.0,1.0,1.0
50.0,85.0,1.0,1.0,1.0,1.0
50.0,86.0,1.0,1.0,1.0,1.0
50.0,87.0,1.0,1.0,1.0,1.0
50.0,88.0,1.0,1.0,1.0,1.0
50.0,89.0,1.0,1.0,1.0,1.0
50.0,90.0,1.0,1.0,1.0,1.0
50.0,91.0,1.0,1.0,1.0,1.0
50.0,92.0,1.0,1.0,1.0,1.0
50.0,93.0,1.0,1.0,1.0,1.0
50.0,94.0,1.0,1.0,1.0,1.0
50.0,95.0,1.0,1.0,1.0,1.0
50.0,96.0,1.0,1.0,1.0,1.0
50.0,97.0,1.0,1.0,1.0,1.0
50.0,98.0,1.0,1.0,1.0,1.0
50.0,99.0,1.0,1.0,1.0,1.0
50.0,100.0,1.0,1.0,1.0,1.0
50.0,101.0,1.0,1.0,1.0,1.0
50.0,102.0,1.0,1.0,1.0,1.0
50.0,103.0,1.0,1.0,1.0,1.0
50.0,104.0,1.0,1.0,1.0,1.0
50.0,105.0,1.0,1.0,1.0,1.0
50.0,106.0,1.0,1.0,1.0,1.0
50.0,107.0,1.0,1.0,1.0,1.0
50.0,108.0,1.0,1.0,1.0,1.0
50.0,109.0,1.0,1.0,1.0,1.0
50.0,110.0,1.0,1.0,1.0,1.0
50.0,111.0,1.0,1.0,1.0,1.0
50.0,112.0,1.0,1.0,1.0,1.0
50.0,113.0,1.0,1.0,1.0,1.0
50.0,114.0,1.0,1.0,1.0,1.0
50.0,115.0,1.0,1.0,1.0,1.0
50.0,116.0,1.0,1.0,1.0,1.0
50.0,117.0,1.0,1.0,1.0,1.0
50.0,118.0,1.0,1.0,1.0,1.0
50.0,119.0,1.0,1.0,1.0,1.0
50.0,120.0,1.0,1.0,1.0,1.0
50.0,121.0,1.0,1.0,1.0,1.0
50.0,122.0,1.0,1.0,1.0,1.0
50.0,123.0,1.0,1.0,1.0,1.0
50.0,124.0,1.0,1.0,1.0,1.0
50.0,125.0,1.0,1.0,1.0,1.0
50.0,126.0,1.0,1.0,1.0,1.0
50.0,127.0,1.0,1.0,1.0,1.0
50.0,128.0,1.0,1.0,1.0,1.0
50.0,129.0,1.0,1.0,1.0,1.0
50.0,130.0,1.0,1.0,1.0,1.0
50.0,131.0,1.0,1.0,1.0,1.0
50.0,132.0,1.0,1.0,1.0,1.0
50.0,133.0,1.0,1.0,1.0,1.0
50.0,134.0,1.0,1.0,1.0,1.0
50.0,135.0,1.0,1.0,1.0,1.0
51.0,73.0,1.0,1.0,1.0,1.0
51.0,74.0,1.0,1.0,1.0,1.0
51.0,75.0,1.0,1.0,1.0,1.0
51.0,76.0,1.0,1.0,1.0,1.0
51.0,77.0,1.0,1.0,1.0,1.0
51.0,78.0,1.0,1.0,1.0,1.0
51.0,79.0,1.0,1.0,1.0,1.0
51.0,80.0,1.0,1.0,1.0,1.0
51.0,81.0,1.0,1.0,1.0,1.0
51.0,82.0,1.0,1.0,1.0,1.0
51.0,83.0,1.0,1.0,1.0,1.0
51.0,84.0,1.0,1.0,1.0,1.0
51.0,85.0,1.0,1.0,1.0,1.0
51.0,86.0,1.0,1.0,1.0,1.0
51.0,87.0,1.0,1.0,1.0,1.0
51.0,88.0,1.0,1.0,1.0,1.0
51.0,89.0,1.0,1.0,1.0,1.0
51.0,90.0,1.0,1.0,1.0,1.0
51.0,91.0,1.0,1.0,1.0,1.0
51.0,92.0,1.0,1.0,1.0,1.0
51.0,93.0,1.0,1.0,1.0,1.0
51.0,94.0,1.0,1.0,1.0,1.0
51.0,95.0,1.0,1.0,1.0,1.0
51.0,96.0,1.0,1.0,1.0,1.0
51.0,97.0,1.0,1.0,1.0,1.0
51.0,98.0,1.0,1.0,1.0,1.0
51.0,99.0,1.0,1.0,1.0,1.0
51.0,100.0,1.0,1.0,1.0,1.0
51.0,101.0,1.0,1.0,1.0,1.0
51.0,102.0,1.0,1.0,1.0,1.0
51.0,103.0,1.0,1.0,1.0,1.0
51.0,104.0,1.0,1.0,1.0,1.0
51.0,105.0,1.0,1.0,1.0,1.0
51.0,106.0,1.0,1.0,1.0,1.0
51.0,107.0,1.0,1.0,1.0,1.0
51.0,108.0,1.0,1.0,1.0,1.0
51.0,109.0,1.0,1.0,1.0,1.0
51.0,110.0,1.0,1.0,1.0,1.0
51.0,111.0,1.0,1.0,1.0,1.0
51.0,112.0,1.0,1.0,1.0,1.0
51.0,113.0,1.0,1.0,1.0,1.0
51.0,114.0,1.0,1.0,1.0,1.0
51.0,115.0,1.0,1.0,1.0,1.0
51.0,116.0,1.0,1.0,1.0,1.0
51.0,117.0,1.0,1.0,1.0,1.0
51.0,118.0,1.0,1.0,1.0,1.0
51.0,119.0,1.0,1.0,1.0,1.0
51.0,120.0,1.0,1.0,1.0,1.0
51.0,121.0,1.0,1.0,1.0,1.0
51.0,122.0,1.0,1.0,1.0,1.0
51.0,123.0,1.0,1.0,1.0,1.0
51.0,124.0,1.0,1.0,1.0,1.0
51.0,125.0,1.0,1.0,1.0,1.0
51.0,126.0,1.0,1.0,1.0,1.0
51.0,127.0,1.0,1.0,1.0,1.0
51.0,128.0,1.0,1.0,1.0,1.0
51.0,129.0,1.0,1.0,1.0,1.0
51.0,130.0,1.0,1.0,1.0,1.0
51.0,131.0,1.0,1.0,1.0,1.0
51.0,132.0,1.0,1.0,1.0,1.0
51.0,133.0,1.0,1.0,1.0,1.0
51.0,134.0,1.0,1.0,1.0,1.0
51.0,135.0,1.0,1.0,1.0,1.0
52.0,73.0,1.0,1.0,1.0,1.0
52.0,74.0,1.0,1.0,1.0,1.0
52.0,75.0,1.0,1.0,1.0,1.0
52.0,76.0,1.0,1.0,1.0,1.0
52.0,77.0,1.0,1.0,1.0,1.0
52.0,78.0,1.0,1.0,1.0,1.0
52.0,79.0,1.0,1.0,1.0,1.0
52.0,80.0,1.0,1.0,1.0,1.0
52.0,81.0,1.0,1.0,1.0,1.0
52.0,82.0,1.0,1.0,1.0,1.0
52.0,83.0,1.0,1.0,1.0,1.0
52.0,84.0,1.0,1.0,1.0,1.0
52.0,85.0,1.0,1.0,1.0,1.0
52.0,86.0,1.0,1.0,1.0,1.0
52.0,87.0,1.0,1.0,1.0,1.0
52.0,88.0,1.0,1.0,1.0,1.0
52.0,89.0,1.0,1.0,1.0,1.0
52.0,90.0,1.0,1.0,1.0,1.0
52.0,91.0,1.0,1.0,1.0,1.0
52.0,92.0,1.0,1.0,1.0,1.0
52.0,93.0,1.0,1.0,1.0,1.0
52.0,94.0,1.0,1.0,1.0,1.0
52.0,95.0,1.0,1.0,1.0,1.0
52.0,96.0,1.0,1.0,1.0,1.0
52.0,97.0,1.0,1.0,1.0,1.0
52.0,98.0,1.0,1.0,1.0,1.0
52.0,99.0,1.0,1.0,1.0,1.0
52.0,100.0,1.0,1.0,1.0,1.0
52.0,101.0,1.0,1.0,1.0,1.0
52.0,102.0,1.0,1.0,1.0,1.0
52.0,103.0,1.0,1.0,1.0,1.0
52.0,104.0,1.0,1.0,1.0,1.0
52.0,105.0,1.0,1.0,1.0,1.0
52.0,106.0,1.0,1.0,1.0,1.0
52.0,107.0,1.0,1.0,1.0,1.0
52.0,108.0,1.0,1.0,1.0,1.0
52.0,109.0,1.0,1.0,1.0,1.0
52.0,110.0,1.0,1.0,1.0,1.0
52.0,111.0,1.0,1.0,1.0,1.0
52.0,112.0,1.0,1.0,1.0,1.0
52.0,113.0,1.0,1.0,1.0,1.0
52.0,114.0,1.0,1.0,1.0,1.0
52.0,115.0,1.0,1.0,1.0,1.0
52.0,116.0,1.0,1.0,1.0,1.0
52.0,117.0,1.0,1.0,1.0,1.0
52.0,118.0,1.0,1.0,1.0,1.0
52.0,119.0,1.0,1.0,1.0,1.0
52.0,120.0,1.0,1.0,1.0,1.0
52.0,121.0,1.0,1.0,1.0,1.0
52.0,122.0,1.0,1.0,1.0,1.0
52.0,123.0,1.0,1.0,1.0,1.0
52.0,124.0,1.0,1.0,1.0,1.0
52.0,125.0,1.0,1.0,1.0,1.0
52.0,126.0,1.0,1.0,1.0,1.0
52.0,127.0,1.0,1.0,1.0,1.0
52.0,128.0,1.0,1.0,1.0,1.0
52.0,129.0,1.0,1.0,1.0,1.0
52.0,130.0,1.0,1.0,1.0,1.0
52.0,131.0,1.0,1.0,1.0,1.0
52.0,132.0,1.0,1.0,1.0,1.0
52.0,133.0,1.0,1.0,1.0,1.0
52.0,134.0,1.0,1.0,1.0,1.0
52.0,135.0,1.0,1.0,1.0,1.0
53.0,73.0,1.0,1.0,1.0,1.0
53.0,74.0,1.0,1.0,1.0,1.0
53.0,75.0,1.0,1.0,1.0,1.0
53.0,76.0,1.0,1.0,1.0,1.0
53.0,77.0,1.0,1.0,1.0,1.0
53.0,78.0,1.0,1.0,1.0,1.0
53.0,79.0,1.0,1.0,1.0,1.0
53.0,80.0,1.0,1.0,1.0,1.0
53.0,81.0,1.0,1.0,1.0,1.0
53.0,82.0,1.0,1.0,1.0,1.0
53.0,83.0,1.0,1.0,1.0,1.0
53.0,84.0,1.0,1.0,1.0,1.0
53.0,85.0,1.0,1.0,1.0,1.0
53.0,86.0,1.0,1.0,1.0,1.0
53.0,87.0,1.0,1.0,1.0,1.0
53.0,88.0,1.0,1.0,1.0,1.0
53.0,89.0,1.0,1.0,1.0,1.0
53.0,90.0,1.0,1.0,1.0,1.0
53.0,91.0,1.0,1.0,1.0,1.0
53.0,92.0,1.0,1.0,1.0,1.0
53.0,93.0,1.0,1.0,1.0,1.0
53.0,94.0,1.0,1.0,1.0,1.0
53.0,95.0,1.0,1.0,1.0,1.0
53.0,96.0,1.0,1.0,1.0,1.0
53.0,97.0,1.0,1.0,1.0,1.0
53.0,98.0,1.0,1.0,1.0,1.0
53.0,99.0,1.0,1.0,1.0,1.0
53.0,100.0,1.0,1.0,1.0,1.0
53.0,101.0,1.0,1.0,1.0,1.0
53.0,102.0,1.0,1.0,1.0,1.0
53.0,103.0,1.0,1.0,1.0,1.0
53.0,104.0,1.0,1.0,1.0,1.0
53.0,105.0,1.0,1.0,1.0,1.0
53.0,106.0,1.0,1.0,1.0,1.0
53.0,107.0,1.0,1.0,1.0,1.0
53.0,108.0,1.0,1.0,1.0,1.0
53.0,109.0,1.0,1.0,1.0,1.0
53.0,110.0,1.0,1.0,1.0,1.0
53.0,111.0,1.0,1.0,1.0,1.0
53.0,112.0,1.0,1.0,1.0,1.0
53.0,113.0,1.0,1.0,1.0,1.0
53.0,114.0,1.0,1.0,1.0,1.0
53.0,115.0,1.0,1.0,1.0,1.0
53.0,116.0,1.0,1.0,1.0,1.0
53.0,117.0,1.0,1.0,1.0,1.0
53.0,118.0,1.0,1.0,1.0,1.0
53.0,119.0,1.0,1.0,1.0,1.0
53.0,120.0,1.0,1.0,1.0,1.0
53.0,121.0,1.0,1.0,1.0,1.0
53.0,122.0,1.0,1.0,1.0,1.0
53.0,123.0,1.0,1.0,1.0,1.0
53.0,124.0,1.0,1.0,1.0,1.0
53.0,125.0,1.0,1.0,1.0,1.0
53.0,126.0,1.0,1.0,1.0,1.0
53.0,127.0,1.0,1.0,1.0,1.0
53.0,128.0,1.0,1.0,1.0,1.0
53.0,129.0,1.0,1.0,1.0,1.0
53.0,130.0,1.0,1.0,1.0,1.0
53.0,131.0,1.0,1.0,1.0,1.0
53.0,132.0,1.0,1.0,1.0,1.0
53.0,133.0,1.0,1.0,1.0,1.0
53.0,134.0,1.0,1.0,1.0,1.0
53.0,135.0,1.0,1.0,1.0,1.0
