time_s,latitude_deg,longitude_deg
0.0,0.0,104.0
60.0,2.886779639412481,106.17439100777098
120.0,5.768370990617152,108.36113167359487
180.0,8.639489233282955,110.57273363171758
240.0,11.494654001688135,112.82203202624166
300.0,14.328085421185005,115.12234555005749
360.0,17.133592771245517,117.4876326267616
420.0,19.904453480123088,119.93263917641951
480.0,22.633280450269577,122.47303003373167
540.0,25.311876306977144,125.12549114881882
600.0,27.931074257127733,127.907782728622
660.0,30.48056713209195,130.83871400857015
720.0,32.94872926627239,133.93799812192017
780.0,35.32244062713389,137.22593090937823
840.0,37.586929594380145,140.72282216854484
900.0,39.7256603657289,144.44809592630688
960.0,41.720302987023864,148.41897586676555
1020.0,43.55083710046961,152.64869613598418
1080.0,45.195851185483995,157.1442437549381
1140.0,46.63310089100583,161.90376309666865
1200.0,47.84037382226373,166.913937390257
1260.0,48.79666456458613,172.14787445614306
1320.0,49.483589776286806,177.56417977574523
1380.0,49.88688071336306,-176.89212521777478
1440.0,49.997711031333914,-171.28649112518875
1500.0,49.81359403658047,-165.68976118309072
1560.0,49.33864609350476,-160.1719911126337
1620.0,48.58315313355776,-154.79643331688203
1680.0,47.56254323669112,-149.61488938991928
1740.0,46.295992562442606,-144.6651486360544
1800.0,44.804931939658516,-139.97057897980227
1860.0,43.1116800129901,-135.54141622829414
1920.0,41.238342234370116,-131.3770636942449
1980.0,39.206024938962955,-127.46874611763175
2040.0,37.034346967108064,-123.80204244765378
2100.0,34.74119518841775,-120.35903310496285
2160.0,32.34265948703827,-117.11996816143734
2220.0,29.853087569490572,-114.06447155500966
2280.0,27.28521171665411,-111.17235031087249
2340.0,24.65031265645412,-108.42409421955581
2400.0,21.958397212972706,-105.80114710146745
2460.0,19.21837530554565,-103.28601744340335
2520.0,16.43822825513654,-100.86228075960256
2580.0,13.625164649504,-98.51451191356642
2640.0,10.7857627567864,-96.2281741004369
2700.0,7.926100134069529,-93.98948237969869
2760.0,5.051872023773181,-91.78525322767833
2820.0,2.1685006336996784,-89.60274707231515
2880.0,-0.7187623608494115,-87.42950772566057
2940.0,-3.6047376530034776,-85.2532006763416
3000.0,-6.484222004263234,-83.0614510820735
3060.0,-9.35189132654145,-80.84168184928407
3120.0,-12.202200666566602,-78.58095233518341
3180.0,-15.029278630418384,-76.2657989795367
3240.0,-17.82681384670253,-73.88208068290702
3300.0,-20.587931226884788,-71.41483420652074
3360.0,-23.305056135114768,-68.84814859078102
3420.0,-25.969765275924154,-66.1650729884991
3480.0,-28.572624368721105,-63.347579862604235
3540.0,-31.103014820024804,-60.376615642608
3600.0,-33.54895505222458,-57.232283823831494
3660.0,-35.89692741582971,-53.89422052778572
3720.0,-38.13172921747462,-50.34223754574989
3780.0,-40.23637663117162,-46.55731788472366
3840.0,-42.19210274179817,-42.52304460343377
3900.0,-43.97850389516147,-38.22751092704868
3960.0,-45.573897731289215,-33.665680390220174
4020.0,-46.95595454161161,-28.842025756042407
4080.0,-48.102641309670496,-23.77307918056254
4140.0,-48.99346650629743,-18.489317909480874
4200.0,-49.610933291616284,-13.03568665768944
4260.0,-49.94201587273618,-7.470147108472603
4320.0,-49.97940412354824,-1.8600289881520766
4380.0,-49.72225766515665,3.7234263128665153
4440.0,-49.17629514610998,9.211329446346525
4500.0,-48.3531972679472,14.54291774215327
4560.0,-47.26946372214761,19.669725505057023
4620.0,-45.944969833589106,24.55759159021298
4680.0,-44.401486482302644,29.186588936432226
4740.0,-42.66137012455741,33.54941694834546
4800.0,-40.74653872430946,37.64895787844302
4860.0,-38.67776344845202,41.495617049054594
4920.0,-36.474246794378836,45.104868964021705
4980.0,-34.15342881188042,48.49522584910873
5040.0,-31.73095709519262,51.68668928002703
5100.0,-29.22076345788172,54.69965187178747
5160.0,-26.635202693800032,57.55417317220085
5220.0,-23.98522166827977,60.26954398910779
5280.0,-21.28053786505704,62.86406084391427
5340.0,-18.52981477485358,65.35494659324318
5400.0,-15.740827326263924,67.75836857926585
5460.0,-12.920614417403534,70.08951920386926
5520.0,-10.075618035155296,72.36273466633827
5580.0,-7.2118098985043835,74.59163577839726
5640.0,-4.334807377049699,76.78928066907692
5700.0,-1.4499808596854593,78.96832329588811
5760.0,1.4374450532235463,81.14117442327661
5820.0,4.322294081570422,83.32016345516288
5880.0,7.199342043699589,85.51770045259765
5940.0,10.063219398910535,87.74643796811466
6000.0,12.908310076784772,90.01943203044263
6060.0,15.728644140542404,92.35030067203525
6120.0,18.517781910562917,94.75337666988047
6180.0,21.268687371823415,97.24384843064162
6240.0,23.97358911162572,99.83787885395573
6300.0,26.623827846422685,102.55268611791763
6360.0,29.209691042783913,105.40656216748923
6420.0,31.720237560773437,108.41879385411013
6480.0,34.14311909850369,111.60943815085763
6540.0,36.46441102169839,114.99888755230782
6600.0,38.66847341116043,118.60714740484465
6660.0,40.73787403155589,122.45273940132476
6720.0,42.653417760802654,126.55115528156456
6780.0,44.39433951983788,130.91282742895154
6840.0,45.938725017308364,135.5406764834675
6900.0,47.264217715851146,140.42745170354834
6960.0,48.34904153994446,145.55328518960562
7020.0,49.17330979501133,150.88407910847351
7080.0,49.72050489410432,156.37142715831556
7140.0,49.97892242470484,161.95461251030434
7200.0,49.94281609275915,167.56476943993246
7260.0,49.61299747591291,173.1306531061733
7320.0,48.99674980088062,178.58490398322493
7380.0,48.107076465370355,-176.13048972514352
7440.0,46.96145801747992,-171.0605339779678
7500.0,45.58037622103197,-166.2357689528527
7560.0,43.98586028745477,-161.67278400938278
7620.0,42.20024090941824,-157.37609900715753
7680.0,40.24520483976902,-153.34071296710613
7740.0,38.14116223596038,-149.55474355606606
7800.0,35.90688756595869,-146.00178893509246
7860.0,33.55937247997868,-142.66283997388064
7920.0,31.1138272489487,-139.5177111107401
7980.0,28.583776543281644,-136.54603761630773
8040.0,25.981208245780106,-133.72791998019298
8100.0,23.316746481177997,-131.04430046061657
8160.0,20.599830291348525,-128.4771468782532
8220.0,17.838887001581195,-126.00950374026982
8280.0,15.041494600594058,-123.62545574006863
8340.0,12.214530911537233,-121.31003577711938
8400.0,9.364309477936237,-119.04909948482818
8460.0,6.496703352130191,-116.8291806903011
8520.0,3.6172586717236253,-114.6373368225152
8580.0,0.7313002644982527,-112.46098955721435
8640.0,-2.1559683171482407,-110.28776352372898
8700.0,-5.039367870148667,-108.10532438582216
8760.0,-7.913647243389357,-105.90121683385078
8820.0,-10.773385187093718,-103.6627028746636
8880.0,-13.612887874857524,-101.37660125598974
8940.0,-16.42607965819638,-99.02912998103885
9000.0,-19.206384714523217,-96.6057558181487
9060.0,-21.94659749120063,-94.09105775187278
9120.0,-24.638740349851076,-91.46861582162319
9180.0,-27.27390775894274,-88.72094320491868
9240.0,-29.842098035801495,-85.82948820102189
9300.0,-32.3320363716589,-82.77474429512141
9360.0,-34.73099715966493,-79.53652058998588
9420.0,-37.02464001934372,-76.09444032457756
9480.0,-39.19688281727351,-72.42874856416567
9540.0,-41.229846452929216,-68.52151452818626
9600.0,-43.10391923126274,-64.35829766622753
9660.0,-44.79800041933314,-59.93029294081438
9720.0,-46.28998743371053,-55.236862362517265
9780.0,-47.55756039755537,-50.288189257326785
9840.0,-48.57928182834152,-45.10758074973764
9900.0,-49.33596256885113,-39.73276295902833
9960.0,-49.812155083351634,-34.215480546399164
10020.0,-49.9975485314998,-28.618944896881686
10080.0,-49.887998332605655,-23.013194593873273
10140.0,-49.48596257225075,-17.46908317944745
10200.0,-48.80024160565455,-12.052096844338932
10260.0,-47.84508319733805,-6.817267956144904
10320.0,-46.63885602608465,-1.8060535317133055
10380.0,-45.20255730850991,2.9545921615346824
10440.0,-43.55839695025887,7.451297377332747
10500.0,-41.72862126473625,11.682162238393168
10560.0,-39.734646804490474,15.654141140890182
10620.0,-37.59650078009344,19.38044629929546
10680.0,-35.33252082799495,22.87828829668769
10740.0,-32.959250552644896,26.16708477519089
10800.0,-30.491469035505034,29.267143902303502
10860.0,-27.942303162052607,32.198763016964165
10920.0,-25.323384712884412,34.98165862813172
10980.0,-22.645026194117964,37.63464431471451
11040.0,-19.91639897360299,40.175484963049385
11100.0,-17.145704281947882,42.62087111754666
11160.0,-14.340332410210413,44.986471852996765
11220.0,-11.507008519750544,47.287036811112685
11280.0,-8.651925371128115,49.536527523889724
11340.0,-5.780864376083143,51.74826512847438
11400.0,-2.8993069716493083,53.935086524360045
11460.0,-0.012538610521039365,56.10950440191244
11520.0,2.8742522095048804,58.28386877249268
11580.0,5.755877407993303,60.470528943899986
11640.0,8.627052795113906,62.681995497307604
11700.0,11.482299074500206,64.9311018244481
11760.0,14.3158379065016,67.23116417690755
11820.0,17.121480608343408,69.59613787268194
11880.0,19.892507195393073,72.04076511268664
11940.0,22.621533760864985,74.58070649348997
12000.0,25.30036678294887,77.23264337197001
12060.0,27.919844040028334,80.01433127526191
12120.0,30.469663697589155,82.94457509266597
12180.0,32.93820620169244,86.04308457579482
12240.0,35.312358369740444,89.33015405653188
12300.0,37.57735604041983,92.82609494575235
12360.0,39.71667121297053,96.55033763042358
12420.0,41.71198161738687,100.52011886193772
12480.0,43.54327375418836,104.7486946751932
12540.0,45.189141145205745,109.24308466654264
12600.0,46.62734141801345,114.00147740914711
12660.0,47.83565971097392,119.01061106646131
12720.0,48.793082438297894,124.24365552821143
12780.0,49.48121162392961,129.65927879078643
12840.0,49.88575756985668,135.20255614711868
12900.0,49.997867959591105,140.8080726835844
12960.0,49.81502749654813,146.40499558768568
13020.0,49.34132432049717,151.92325211592706
13080.0,48.58701943424899,157.299548936001
13140.0,47.56752143525189,162.48202756930633
13200.0,46.30199345684152,167.4328355334371
13260.0,44.81185964819429,172.12854407840996
13320.0,43.11943740094269,176.55886487153316
13380.0,41.24683502073837,-179.27564675284174
13440.0,39.21516443585109,-175.36624536030385
13500.0,37.04405162740645,-171.69852944028113
13560.0,34.75139123297327,-168.25459064605835
13620.0,32.353280888531195,-165.01468407871204
13680.0,29.864075629090255,-161.9584343902632
13740.0,27.296514412685294,-159.06564653762072
13800.0,24.661883889769708,-156.31680662166352
13860.0,21.970196029183313,-153.69335398594902
13920.0,19.230365141244384,-151.17779242653486
13980.0,16.450376232442867,-148.75369293116998
14040.0,13.637440928342627,-146.40562624018293
14100.0,10.798139945074196,-144.11905197292896
14160.0,7.938552750554018,-141.88018224232076
14220.0,5.0643760052737985,-139.67583125030714
14280.0,2.18103287699054,-137.49325784288803
14340.0,-0.7062244329591653,-135.3200049507593
14400.0,-3.592216512089893,-133.14373788435665
14460.0,-6.471740433976976,-130.95208232672655
14520.0,-9.339472848346084,-128.73246241193792
14580.0,-12.189869984271779,-126.47193942242461
14640.0,-15.017062104115578,-124.15705240768763
14700.0,-17.814740006284197,-121.7736635327072
14760.0,-20.576031334300534,-119.30681341807592
14820.0,-23.293364802370508,-116.74059544942642
14880.0,-25.95832114178301,-114.05806342447069
14940.0,-28.56147082995132,-111.2411944492771
15000.0,-31.092200801262038,-108.27093912800655
15060.0,-33.538535780004615,-105.12740396865358
15120.0,-35.88696513475703,-101.79022595559127
15180.0,-38.122293747840104,-98.23921425170614
15240.0,-40.22754561737043,-94.45534402815707
15300.0,-42.18396138372707,-90.42218327739162
15360.0,-43.971143902626885,-86.12780082766487
15420.0,-45.56741521880761,-81.56712477767896
15480.0,-46.95044662561083,-76.7445808430257
15540.0,-48.098201325160204,-71.67664401291236
15600.0,-48.99017805063633,-66.39372861200815
15660.0,-49.60886369863545,-60.94071808412335
15720.0,-49.94121010497717,-55.37552393018497
15780.0,-49.97988025866567,-49.765445972515444
15840.0,-49.72400498127407,-44.18172203065425
15900.0,-49.179275264356846,-38.693264965850915
15960.0,-48.357348076515365,-33.36088321002517
16020.0,-47.27470518611645,-28.233101814127163
16080.0,-45.951210520100915,-23.344145236927254
16140.0,-44.40862973813,-18.71399973268023
16200.0,-42.66931919603016,-14.350015797630348
16260.0,-40.755200517058405,-10.249349617590179
16320.0,-38.6870509480808,-6.401622977882513
16380.0,-36.48408035825289,-2.7913786490244035
16440.0,-34.16373661134682,0.5998860985253609
16500.0,-31.741674978152666,3.792169049223913
16560.0,-29.231834454192445,6.805862925002253
16620.0,-26.646576328503603,9.661029840314793
16680.0,-23.99685319520028,12.376964555251108
16740.0,-21.292387491641538,14.971968166240398
16800.0,-18.541846918846847,17.463268208830772
16860.0,-15.753009924183786,19.867036469284553
16920.0,-12.932918291481704,22.198469346975585
16980.0,-10.088016317271013,24.471906466156405
17040.0,-7.2242775049239505,26.70097142071076
17100.0,-4.347320525240618,28.89872444296473
17160.0,-1.4625166172129853,31.07782089844378
17220.0,1.4249091982510997,33.25067225804108
17280.0,4.309780639234361,35.429607928731976
17340.0,7.186873940957103,37.62703727122469
17400.0,10.050820409008702,39.85561143611342
17460.0,12.896005270131088,42.12838435481881
17520.0,15.716460367568313,44.45897128341308
17580.0,18.50574832657807,46.861701579258565
17640.0,21.25683601261006,49.35175965606166
17700.0,23.961955525986912,51.94530397248543
17760.0,26.612451787213644,54.65954802849945
17820.0,29.198617209849065,57.51277919121083
17880.0,31.70951637596753,60.524280351520176
17940.0,34.1328074724247,63.7141058997017
18000.0,36.45457304156499,67.10264819640946
18060.0,38.6591808377077,70.709916338152
18120.0,40.72920644043976,74.55444145578679
18180.0,42.64546210652441,78.65173248676128
18240.0,44.38718885256563,83.0122488289557
18300.0,45.93247607308937,87.63894945903631
18360.0,47.25896716896149,92.52463344213442
18420.0,48.34488089402789,97.64949200869967
18480.0,49.170319212243115,102.97949063484403
18540.0,49.718746668849185,108.466282449612
18600.0,49.97843516234188,114.04919654483767
18660.0,49.94361076470448,119.65939093036361
18720.0,49.61505625067232,125.22561743480192
18780.0,49.00002793310815,130.68048683750706
18840.0,48.11150679067424,135.96593729889096
18900.0,46.966957051447075,141.03690164289378
18960.0,45.58685068619724,145.86277674927388
19020.0,43.99321307768907,150.42691601829355
19080.0,42.208375884854405,154.72475244487313
19140.0,40.25403024155412,158.76125147146476
19200.0,38.15059280183244,162.5482709447742
19260.0,35.91684558382732,166.10219756532763
19320.0,33.56978806209375,169.44203257384075
19380.0,31.12463808699305,172.5879588663041
19440.0,28.594927352711167,175.56034201094135
19500.0,25.99265005053348,178.37908451687412
19560.0,23.328435839832327,-178.9367517061982
19620.0,20.61172852704005,-176.36912983758992
19680.0,17.850959470331496,-173.9010897380851
19740.0,15.053710014105286,-171.51671175231698
19800.0,12.226860718687359,-169.2010249156108
19860.0,9.376727302065222,-166.93988159147656
19920.0,6.509184477135118,-164.7198129914386
19980.0,3.6297795678213287,-162.52787461323203
20040.0,0.7438381434827047,-160.3514868988738
20100.0,-2.1434359277614154,-158.17827394625573
20160.0,-5.026863544835193,-155.9959015912223
20220.0,-7.901194078966196,-153.79191539938572
20280.0,-10.761007236475725,-151.55357895347325
20340.0,-13.600610604918591,-149.26771326964186
20400.0,-16.41393044218398,-146.9205392919778
20460.0,-19.19439336879562,-144.49752735942303
20520.0,-21.934796864554865,-141.98326057545927
20580.0,-24.62716697073123,-139.3613235033498
20640.0,-27.262602540418612,-136.61423401131458
20700.0,-29.831107029002247,-133.723444879464
20760.0,-32.32141154349816,-130.6694532926379
20820.0,-34.72079714795847,-127.43207044045049
20880.0,-37.01493078550376,-123.99091887798434
20940.0,-39.18773807232055,-120.32623868645216
21000.0,-41.22134767808977,-116.42008791545086
21060.0,-43.09615505754203,-112.25800655553827
21120.0,-44.79106508905601,-107.83115983992072
21180.0,-46.283978072462,-103.13886852781914
21240.0,-47.55257291953738,-98.1912635085559
21300.0,-48.57540552004832,-93.01159113216583
21360.0,-49.33327374761584,-87.6375143261302
21420.0,-49.81071063746814,-82.12072077058542
21480.0,-49.997380460158524,-76.52438074389705
21540.0,-49.88911042710991,-70.91851557636227
21600.0,-49.488330010853026,-65.37398899687481
21660.0,-48.803813560137186,-59.95632268881125
21720.0,-47.8497878345542,-54.72060276132993
21780.0,-46.644606821454,-49.708348712667444
21840.0,-45.20925951244254,-44.94657691655225
21900.0,-43.56595330175449,-40.448714135506265
21960.0,-41.73693644881939,-36.21670454733907
22020.0,-39.743630527681304,-32.24362643012014
22080.0,-37.60606959613175,-28.516289543762884
22140.0,-35.34259897104327,-25.017496439982583
22200.0,-32.96977005967093,-21.727835886138624
22260.0,-30.502369406818836,-18.62700136169185
22320.0,-27.95353075390856,-15.694694040084888
22380.0,-25.334891999876984,-12.911194042617295
22440.0,-22.656770991702455,-10.257683449560968
22500.0,-19.92834367519791,-7.7163926956027655
22560.0,-17.15781513987553,-5.270626640999612
22620.0,-14.352578873051701,-2.904711968917079
22680.0,-11.519362628199799,-0.6038953134986953
22740.0,-8.664361208190464,1.6457879684470256
22800.0,-5.7933575639527595,3.857661461273456
22860.0,-2.9118342057885274,6.0445638228860155
22920.0,-0.0250772206192835,8.219008802817108
22980.0,2.8617246823531137,10.393346768790664
23040.0,5.743383628650284,12.57992668140676
23100.0,8.614616057079527,14.791258071812914
23160.0,11.46994373867441,17.040172582393378
23220.0,14.303589866686101,19.339984026381615
23280.0,17.10936779381604,21.704644618972036
23340.0,19.880560120047715,24.14889284442963
23400.0,22.609786126611297,26.688385063150772
23460.0,25.288856141592998,29.339798039823876
23520.0,27.90861251164828,32.12088262137427
23580.0,30.458758733005983,35.050439348337875
23640.0,32.927681360043636,38.14817458475655
23700.0,35.30227405709403,41.43438114312421
23760.0,37.567780119639906,44.92937203079501
23820.0,39.707679347788726,48.65258397017079
23880.0,41.7036571575296,52.62126674624393
23940.0,43.535706913216366,56.848698240027424
24000.0,45.18242718951585,61.341930573846156
24060.0,46.621577608903884,66.09919647075775
24120.0,47.8309408651122,71.10728898754759
24180.0,48.78949522815738,76.33944006452766
24240.0,49.47882811614951,81.75438022958518
24300.0,49.884628902563314,87.29723869425278
24360.0,49.99801931620401,92.90263632910035
24420.0,49.81645546265038,98.49975086430032
24480.0,49.3439972487506,104.01849264949826
24540.0,48.59088072896864,109.39552751208555
24600.0,47.57249499154563,114.57894013749765
24660.0,46.307990115090874,119.53081487232947
24720.0,44.818783543102676,124.22766211579389
24780.0,43.12719139333853,128.65914096527268
24840.0,41.25532481035957,132.82576535139836
24900.0,39.22430130639945,136.73625083478714
24960.0,37.053753998847924,140.40497934512467
25020.0,34.761585292087375,143.84984796503656
25080.0,32.36390057503194,147.0905965416238
25140.0,29.87506221362102,150.14759969362837
25200.0,27.307815846168296,153.04105452311202
25260.0,24.67345404902692,155.79047861382327
25320.0,21.981993939144015,158.4144370970407
25380.0,19.24235422100048,160.93043086745232
25440.0,16.462523589553797,163.3548934651124
25500.0,13.649716710857737,165.7032582749837
25560.0,10.810516751477497,167.99006925608668
25620.0,7.951005092389654,170.22911724492693
25680.0,5.076879814215679,172.43359031690758
25740.0,2.1935650465959986,174.61623121099876
25800.0,-0.693686481250606,176.7894978809101
25860.0,-3.579695249411717,178.96572519745206
25920.0,-6.459258641714337,-178.84271304469925
25980.0,-9.327054043815096,-176.62324220421095
26040.0,-12.177538865148843,-174.36292548573113
26100.0,-15.004845022222433,-172.04830454557285
26160.0,-17.8026654809148,-169.66524481039184
26220.0,-20.56413061424742,-167.19879075775577
26280.0,-23.28167248367243,-164.63304011675143
26340.0,-25.946875844173576,-161.95105132924172
26400.0,-28.550315927893294,-159.13480614531076
26460.0,-31.08138519370064,-156.16525934711333
26520.0,-33.52811466449157,-153.02252046226187
26580.0,-35.877000724056586,-149.68622734995375
26640.0,-38.11285582852104,-146.13618656328782
26700.0,-40.21871179997359,-142.35336546439797
26760.0,-42.17581683693743,-138.32131701546314
26820.0,-43.96378031166854,-134.0280856925458
26880.0,-45.56092868542568,-129.46856420871484
26940.0,-46.94493427124683,-124.64713128108858
27000.0,-48.093756513426214,-119.58020476881349
27060.0,-48.98688443517674,-114.29813608654392
27120.0,-49.60678869782546,-108.84574738025117
27180.0,-49.94039878982609,-103.28089989927234
27240.0,-49.980350829853144,-97.67086345752884
27300.0,-49.725746841726576,-92.08687218346259
27360.0,-49.18225014857148,-86.59786234052783
27420.0,-48.36149396412949,-81.26468804273813
27480.0,-47.27994210602395,-76.13593365890503
27540.0,-45.95744707501348,-71.24588696381664
27600.0,-44.415769285489745,-66.61459343616079
27660.0,-42.677264973461796,-62.24945352008822
27720.0,-40.763859408160215,-58.14766189052942
27780.0,-38.69633590854465,-54.29886748708363
27840.0,-36.49391171196673,-50.68763039304948
27900.0,-34.17404249569403,-47.2954574042792
27960.0,-31.75239120858042,-44.10235454818672
28020.0,-29.24290403076572,-41.08792900946224
28080.0,-26.657948749691105,-38.23211611511764
28140.0,-24.00848369163836,-35.51561715698065
28200.0,-21.304236250906957,-32.92012646502898
28260.0,-18.5538783419391,-30.42841182439931
28320.0,-15.765191933752838,-28.024297003185445
28380.0,-12.945221698513679,-25.692581602265186
28440.0,-10.100414244785267,-23.418922569748897
28500.0,-7.236744862510436,-21.189693526706332
28560.0,-4.359833525711397,-18.991832134522177
28620.0,-1.4750523253824885,-16.81268161661906
28680.0,1.412373295191722,-14.639829792604294
28740.0,4.297267050473353,-12.460947249392017
28800.0,7.174405590724599,-10.263625323564957
28860.0,10.038421065921808,-8.035214263430476
28920.0,12.883699997947755,-5.762662231881763
28980.0,15.704276007890234,-3.4323567463382934
29040.0,18.49371402350228,-1.029971866389583
29100.0,21.244983788086294,1.459672830980989
29160.0,23.95032091211176,4.052731365027439
29220.0,26.601074517014315,6.766412558003507
29280.0,29.187541960026557,9.61899919776045
29340.0,31.69879354184694,12.62977021053619
29400.0,34.12249393485096,15.818777395751642
29460.0,36.44473285533146,19.206412966679277
29520.0,38.6498857295947,22.812689749437844
29580.0,40.72053595260243,26.656148283834536
29640.0,42.63750316348091,30.75231466664315
29700.0,44.38003448231566,35.11167526370092
29760.0,45.92622300276296,39.73722733755657
29820.0,47.25371208321369,44.62181971288687
29880.0,48.34071533171932,49.74570271852126
29940.0,49.16732339898929,55.07490513729408
30000.0,49.71698299012552,60.56113956643149
30060.0,49.9779423366681,66.14378109761654
30120.0,49.94439988823291,71.75401158556619
30180.0,49.61710961504359,77.32057964880603
30240.0,49.003300901703746,82.77606647659987
30300.0,48.115932283997644,88.0623602557685
30360.0,46.97245164174483,93.1343326205311
30420.0,45.593321124946705,97.96131749741733
30480.0,44.00056226404632,102.52661101000449
30540.0,42.21650766637332,106.82559895878347
30600.0,40.262852834917815,110.86321119923505
30660.0,38.16002091362515,114.65128104678753
30720.0,35.92680146811847,118.20618002741708
30780.0,33.58020179739582,121.54690146531938
30840.0,31.135447333116588,124.69362557208228
30900.0,28.606076796087564,127.66671874275117
30960.0,26.004090689366322,130.48608647817997
31020.0,23.340124210349938,133.17079485260356
31080.0,20.623625933307146,135.73888532716634
31140.0,17.863031252364433,138.20732268819933
31200.0,15.06592487041471,140.5920309416026
31260.0,12.239190087520345,142.90798491858203
31320.0,9.389144798463372,145.16933552826094
31380.0,6.521665378834976,147.38955417761963
31440.0,3.6423003408675396,149.58158730317308
31500.0,0.7563759973797752,151.75801569967413
31560.0,-2.130903465964056,153.9312158037234
31620.0,-5.01435904826732,156.11352161044977
31680.0,-7.888740641252942,158.31738668203627
31740.0,-10.748628905411877,160.55554586290754
31800.0,-13.5883328402024,162.84117587145406
31860.0,-16.401780607660495,165.18805282556215
31920.0,-19.182401268981405,167.61070281827935
31980.0,-21.922995333723122,170.12453862932117
32040.0,-24.61559251986484,172.74597117290006
32100.0,-27.25129606194871,175.4924778901235
32160.0,-29.820114550071356,178.38260151805085
32220.0,-32.31078500366074,-178.5641588327855
32280.0,-34.71059515454126,-175.32761644809418
32340.0,-37.00521926697794,-171.88739321413854
32400.0,-39.17859070564122,-168.22372425059257
32460.0,-41.212845911525136,-164.31865646855013
32520.0,-43.088387493609225,-160.15771044008054
32580.0,-44.78412595066475,-155.7320217171815
32640.0,-46.277964480514036,-151.04086985852283
32700.0,-47.547580804330714,-146.09433336128467
32760.0,-48.57152421012742,-140.91559782671382
32820.0,-49.33057963088035,-135.54226298389239
32880.0,-49.80926069953867,-130.025959483901
32940.0,-49.99720681738222,-124.42981640995878
33000.0,-49.89021699640362,-118.82383772398943
33060.0,-49.49069209112723,-113.27889722300544
33120.0,-48.80738042666941,-107.86055198556635
33180.0,-47.85448773227052,-102.6239418030119
33240.0,-46.65035327531829,-97.61064863791218
33300.0,-45.215957795441255,-92.84775098862362
33360.0,-43.57350615315462,-88.34873067476202
33420.0,-41.74524853756791,-84.11557622483694
33480.0,-39.75261153372684,-80.14139864062433
33540.0,-37.61563604106637,-76.41302969925034
33600.0,-35.35267505499825,-72.91328512103766
33660.0,-32.98028778621071,-69.6227601075854
33720.0,-30.513268245022893,-66.52114980220273
33780.0,-27.964757031800854,-63.58815390135109
33840.0,-25.346398167160594,-60.80404916256475
33900.0,-22.66851484231537,-58.150013327968544
33960.0,-19.94028758427251,-55.60827215369897
34020.0,-17.16992534445336,-53.16212590364325
34080.0,-14.364824809182664,-50.79589701697162
34140.0,-11.531716326547935,-48.49482840118949
34200.0,-8.67679674401135,-46.24495229911352
34260.0,-5.805850553787205,-44.03294267623207
34320.0,-2.924361341403318,-41.84595911320746
34380.0,-0.037615829872015,-39.67148679829373
34440.0,2.849197058383961,-37.49717500434928
34500.0,5.730889653026342,-35.31067511491903
34560.0,8.602179019638484,-33.09947864583341
34620.0,11.457587994698216,-30.850755701035546
34680.0,14.29134130226416,-28.5511949026922
34740.0,17.097254328237916,-26.18684713560987
34800.0,19.86861225472117,-23.742977629673685
34860.0,22.598037548215487,-21.20393425869483
34920.0,25.277344383702527,-18.553044849117562
34980.0,27.897379672880923,-15.772563234621776
35040.0,30.44785223935097,-12.843693226060456
35100.0,32.917154742463715,-9.746731852871799
35160.0,35.29218769047366,-6.461387832493922
35220.0,37.55820183346716,-2.9673465778598995
35280.0,39.69868477175616,0.7548349442578661
35340.0,41.69532960915568,4.72241951880242
35400.0,43.52813657935467,8.948706830216857
35460.0,45.17570932025519,13.440781477412314
35520.0,46.615809465473944,18.19692028310453
35580.0,47.826217286323015,23.203971156300277
35640.0,48.78590293553352,28.435228069069762
35700.0,49.47643925391887,33.849484097152384
35760.0,49.88349471196209,39.391922429324204
35820.0,49.99816510110766,44.997199817258426
35880.0,49.817877934285214,50.594504652327856
35940.0,49.34666487718919,56.11373049287133
36000.0,48.594737016271324,61.49150241507641
36060.0,47.577463903881224,66.67584831715381
36120.0,46.31398253537454,71.62878938196548
36180.0,44.825703622545696,76.3267751326966
36240.0,43.134941988395454,80.75941205249002
36300.0,41.263811601558444,84.9271726174806
36360.0,39.23343554906899,88.83874246627988
36420.0,37.06345408004075,92.50848390699366
36480.0,34.77177736451527,95.95428272665937
36540.0,32.374518545434334,99.19587369789632
36600.0,29.8860473221025,102.25363069503206
36660.0,27.31911601623481,105.14775286976332
36720.0,24.685023133454298,107.89776148542754
36780.0,21.99379094216646,110.52222614611325
36840.0,19.254342544194852,113.03865243725564
36900.0,16.474670325907177,115.46347842802054
36960.0,13.661991996533626,117.81214163077681
37020.0,10.822893175516409,120.09918958550885
37080.0,7.9634571591236325,122.33841608098595
37140.0,5.089383450163767,124.54301147293761
37200.0,2.206097142090735,126.72572008833386
37260.0,-0.6811485061466614,128.89900076833945
37320.0,-3.56717386539791,131.0751885680667
37380.0,-6.446776627917779,133.2666567629672
37440.0,-9.314634913413478,135.48597877281966
37500.0,-12.165207309694113,137.74608947377087
37560.0,-14.992627385275936,140.06044460561975
37620.0,-17.790590271182435,142.44317548277792
37680.0,-20.55222906737643,144.90923377309625
37740.0,-23.269979179747637,147.47451740581297
37800.0,-25.93542938391267,150.1559632956686
37860.0,-28.5391596634679,152.97158504769564
37920.0,-31.070567998380067,155.94042369841367
37980.0,-33.51769170685733,159.0823666936671
38040.0,-35.86703418504378,162.41777528749702
38100.0,-38.10341546098129,165.96684551801957
38160.0,-40.20987518058826,169.7486178053472
38220.0,-42.167669103161074,173.77955418160204
38280.0,-43.95641312410357,178.07163447822455
38340.0,-45.5544381329822,-177.36999868252286
38400.0,-46.93941748028948,-172.5496770683419
38460.0,-48.08930687605611,-167.48376144517997
38520.0,-48.98358566119964,-162.20254032883068
38580.0,-49.6047082900434,-156.75077454085312
38640.0,-49.93958192762924,-151.18627500993836
38700.0,-49.98081583690899,-145.57628143732467
38760.0,-49.72748324578638,-139.99202414014135
38820.0,-49.18521979757513,-134.50246267314216
38880.0,-48.365634929271216,-129.1684967525771
38940.0,-47.28517448013696,-124.038770027075
39000.0,-45.963679496496376,-119.14763358937805
39060.0,-44.42290512255172,-114.5151921738783
39120.0,-42.685207455092986,-110.148896219622
39180.0,-40.77251539597157,-106.04597894147756
39240.0,-38.70561832834057,-102.19611647997478
39300.0,-36.503740854165436,-98.58388626965571
39360.0,-34.18434646371291,-95.19080466097682
39420.0,-31.763105785402367,-91.99688151387254
39480.0,-29.25397218665038,-88.98172393322342
39540.0,-26.669319956519573,-86.12526469563831
39600.0,-24.02011315684427,-83.40820114904217
39660.0,-21.316084142183453,-80.81222305126026
39720.0,-18.56590904352661,-78.3200935077292
39780.0,-15.777373354421417,-75.9156318393504
39840.0,-12.957524637993416,-73.58363364499472
39900.0,-10.112811817225907,-71.30975244246707
39960.0,-7.249211970816326,-69.08035906490367
40020.0,-4.3723463780303575,-66.88238906440665
40080.0,-1.4875879837698858,-64.70318425030977
40140.0,1.399837344469271,-62.530331729668696
40200.0,4.284753315718791,-60.351502080231725
40260.0,7.161936993449247,-58.154287332820395
40320.0,10.026021370121581,-55.92603913160542
40380.0,12.871394260740297,-53.65370773079963
40440.0,15.692091062056896,-51.323683418423876
40500.0,18.48167900193816,-48.921643668344835
40560.0,21.2331306989207,-46.432412045965386
40620.0,23.938685270748174,-43.83983896987162
40680.0,26.589696036666084,-41.12672029511048
40740.0,29.17646529426506,-38.27477781447875
40800.0,31.688069059482917,-35.264736570509015
40860.0,34.11217848698952,-32.07654736266435
40920.0,36.43489046434955,-28.68981813848783
40980.0,38.64058808832196,-25.08453236272796
41040.0,40.71186256968455,-21.242140115642822
41100.0,42.629540933429794,-17.14709817939433
41160.0,44.37287641091768,-12.788893266695508
41220.0,45.919965808159986,-8.16448987991408
41280.0,47.24845246034362,-3.2809894820132315
41340.0,48.336544854541785,1.8419173224568826
41400.0,49.16432235643548,7.170322620347611
41460.0,49.71521385866983,12.655998514180382
41520.0,49.97744394789463,18.238366174503614
41580.0,49.94518346300749,23.84863141134256
41640.0,49.619157568177805,29.415539753419917
41700.0,49.00656870539289,34.87164290477974
41760.0,48.12035294375705,40.15877914859699
41820.0,46.97794178660571,45.23175895685226
41880.0,45.59978753544185,50.05985329240009
41940.0,44.00790784470817,54.62630096568031
42000.0,42.224636252241226,58.92644053383348
42060.0,40.271672618250186,62.965166215005624
42120.0,38.16944656987257,66.75428674849125
42180.0,35.93675521751403,70.31015844954786
42240.0,33.590613684710306,73.65176669887947
42300.0,31.146254986277633,76.79928900493583
42360.0,28.61722487248795,79.7730925775214
42420.0,26.015530161460724,82.59308590220323
42480.0,23.351811592002097,85.27833921435632
42540.0,20.635522509497235,87.84689861467113
42600.0,17.87510234709087,90.31573353732095
42660.0,15.078139168984475,92.70077234050106
42720.0,12.251519017539918,95.01699372433121
42780.0,9.401561966664994,97.27855187330647
42840.0,6.5341460567865886,99.4989208158321
42900.0,3.6548209904333,101.69104892568187
42960.0,0.768913825766171,103.86751823742145
43020.0,-2.118370932180796,106.04070572519679
43080.0,-5.001854380880097,108.22294521816656
43140.0,-7.876286930702442,110.426689409358
43200.0,-10.736250194381348,112.66467157337847
43260.0,-13.576054581224271,114.95006616614249
43320.0,-16.38963015518665,117.29664637035778
43380.0,-19.170408415698475,119.71893471365728
43440.0,-21.91119289939283,122.23233986108214
43500.0,-24.60401699802164,124.85326820565082
43560.0,-27.23998832439983,127.59919249783478
43620.0,-29.80912059998663,130.48865098989023
43680.0,-32.30015675325049,133.54113908276224
43740.0,-34.700391180655785,136.77684138542017
43800.0,-36.995505465155254,140.21613666538713
43860.0,-39.16944071877225,143.87879474204723
43920.0,-41.204341154908,147.7827798115123
43980.0,-43.08061654124499,151.94259067969978
44040.0,-44.77718300599707,156.36712142773493
44100.0,-46.271946659683884,161.0571336466952
44160.0,-47.54258405362983,166.00260118696565
44220.0,-48.567637900029375,171.18039917030157
44280.0,-49.32788021972792,176.55299107245955
44340.0,-49.8078052701742,-177.93119668078086
44400.0,-49.997027603245414,-172.33525188916946
44460.0,-49.891318040016834,-166.72916103104947
44520.0,-49.49304881210893,-161.18380785281414
44580.0,-48.810942203888224,-155.76478473060644
44640.0,-47.859182888846114,-150.5272850783848
44700.0,-46.656095385882594,-145.51295330582462
44760.0,-45.22265215566503,-140.74893005409893
44820.0,-43.58105550265723,-136.24875224069254
44880.0,-41.75355752927614,-132.0144527949736
44940.0,-39.76158982105175,-128.03917549190697
45000.0,-37.62520011346824,-124.30977416869726
45060.0,-35.36274907857818,-120.80907774812519
45120.0,-32.99080373112381,-117.51768789082612
45180.0,-30.52416554910656,-114.41530142087632
45240.0,-27.97598199483398,-111.48161656841641
45300.0,-25.357903213941047,-108.69690673321041
45360.0,-22.680257745248152,-106.04234532191845
45420.0,-19.952230700191116,-103.50015341256253
45480.0,-17.182034895106135,-101.05362667162755
45540.0,-14.377070218076586,-98.68708329233942
45600.0,-11.54406961430733,-96.38576245307401
45660.0,-8.689231978131462,-94.13569327985941
45720.0,-5.818343345147548,-91.92354728507661
45780.0,-2.9368883780669526,-89.73648228493492
45840.0,-0.050154437856204284,-87.56198240242769
45900.0,2.836669338023669,-85.38769654794164
45960.0,5.7183954815602185,-83.20127644611111
46020.0,8.589741683249418,-80.99021465669817
46080.0,11.445231843058824,-78.7416830269516
46140.0,14.279092213761551,-76.44237261148501
46200.0,17.085140212182782,-74.07833739230571
46260.0,19.856663600047835,-71.63484631094467
46320.0,22.58628802638424,-69.09625147345527
46380.0,25.265831510069916,-66.44588529635182
46440.0,27.886145524619437,-63.66600629430654
46500.0,30.436944217631964,-60.737822632175245
46560.0,32.9066263500903,-57.64163473876647
46620.0,35.282099271157755,-54.35715287197175
46680.0,37.54862118332758,-50.86406088174613
46740.0,39.689687486445116,-47.14290944860675
46800.0,41.68699897396811,-43.17642282127119
46860.0,43.52056275440389,-38.951279554511885
46920.0,45.168987539264606,-34.46036262219924
46980.0,46.61003698952076,-29.70535115221348
47040.0,47.821488976251906,-24.699342424500934
47100.0,48.78230556179666,-19.46898045418959
47160.0,49.474045038211926,-14.055409601505616
47220.0,49.88235499853442,-8.513392641971764
47280.0,49.99830531423949,-2.908236846041941
47340.0,49.8192949108528,2.6892569573460636
47400.0,49.349327204739026,8.208965650841462
47460.0,48.59858829471313,13.587473648682552
47520.0,47.582428170568136,18.772752110779578
47580.0,46.31997071587676,23.72675906369204
47640.0,44.83261988468519,28.425883129469
47700.0,43.14268918433103,32.85967813275367
47760.0,41.272295392659494,37.02857504441138
47820.0,39.242567162319894,40.94122953281463
47880.0,37.073151869592984,44.61198424375566
47940.0,34.78196744901134,48.058713637148195
48000.0,32.385134798631775,51.30114738843106
48060.0,29.897030953554157,54.359658612314384
48120.0,27.33041492201578,57.25444850077058
48180.0,24.696591142280436,60.0050419916715
48240.0,22.00558703756143,62.63001315988048
48300.0,19.266330110208386,65.14687228157219
48360.0,16.48681644094101,67.57206195632949
48420.0,13.674266784854089,69.92102382603954
48480.0,10.835269216711387,72.20830901423611
48540.0,7.975908950302471,74.4477142647983
48600.0,5.101886912682868,76.65243221675476
48660.0,2.218629163049833,78.83520878810559
48720.0,-0.6686105080705831,81.00850371052081
48780.0,-3.5546523604769025,83.18465222646897
48840.0,-6.43429439303024,85.37602709523203
48900.0,-9.30221545760619,87.59520051807684
48960.0,-12.152875318403312,89.8551054549548
49020.0,-14.98040919381288,92.16919504470248
49080.0,-17.778514377674743,94.55159734554111
49140.0,-20.540326694338777,97.01726017313767
49200.0,-23.2582848913229,99.58207711683603
49260.0,-25.92398176181633,102.26298044874098
49320.0,-28.528002037595527,105.07797912814323
49380.0,-31.05974921633907,108.04611000691655
49440.0,-33.50726690827359,111.1872574974571
49500.0,-35.85706551903343,114.521781955131
49560.0,-38.09397264668376,118.06988199072899
49620.0,-40.20103576082145,121.85060577987153
49680.0,-42.15951818412922,125.88043031305139
49740.0,-43.949042341749156,130.17135968455995
49800.0,-45.54794356331604,134.72857180169757
49860.0,-46.933896254509044,139.5477817970977
49920.0,-48.08485241463878,144.6126859610702
49980.0,-48.980281729987524,149.89305866538376
50040.0,-49.6026224761485,155.34420043928816
50100.0,-49.938759518735246,160.90835074361186
50160.0,-49.98127527963398,166.51830009396454
50220.0,-49.72921419272777,172.10282210473076
50280.0,-49.18818421019088,177.5929340408521
50340.0,-48.36977097042352,-177.07230933612908
50400.0,-47.29040230672299,-171.94161091643034
50460.0,-45.96990778271964,-167.04938511253073
50520.0,-44.43003724748527,-162.41579594569708
50580.0,-42.6931466391641,-158.04834389682333
50640.0,-40.78116847884889,-153.94430077153626
50700.0,-38.71489820596495,-150.09336995798097
50760.0,-36.51356778349382,-146.4801462804453
50820.0,-34.19464851419327,-143.0861556732386
50880.0,-31.773818707544635,-139.89141184950162
50940.0,-29.265038920895094,-136.8755218478994
51000.0,-26.680689948145535,-134.01841590278943
51060.0,-24.031741590068304,-131.3007874223889
51120.0,-21.327931164800308,-128.70432159381977
51180.0,-18.577939023005616,-126.21177684244165
51240.0,-15.789554185640029,-123.80696804041722
51300.0,-12.969827109414673,-121.47468678235491
51360.0,-10.125209034120811,-119.20058315308768
51420.0,-7.261678829393434,-116.97102519493056
51480.0,-4.384859081766004,-114.77294634771191
51540.0,-1.5001235919515068,-112.59368700363785
51600.0,1.3873013465076272,-110.42083355416132
51660.0,4.272239435401861,-108.24205656480979
51720.0,7.149468149578704,-106.04494875759012
51780.0,10.013621322079395,-103.81686316949995
51840.0,12.859088059013658,-101.54475214307537
51900.0,15.679905530616843,-99.21500873404848
51960.0,18.469643262487907,-96.81331382788785
52020.0,21.221276745782117,-94.32449497614151
52080.0,23.927048602643453,-91.73240703366517
52140.0,26.578316347009494,-89.01985053238282
52200.0,29.165387213513597,-86.16855184712225
52260.0,31.67734292994598,-83.15923999328264
52320.0,34.10186113004654,-79.97186837721864
52380.0,36.42504586997122,-76.58604512069607
52440.0,38.63128791538908,-72.98174999977715
52500.0,40.70318629332684,-69.1404237437564
52560.0,42.62157541812815,-65.04650605195872
52620.0,44.365714640201034,-60.689456762120365
52680.0,45.91370449111191,-56.06620219232063
52740.0,47.24318830208759,-51.18379414039048
52800.0,48.33236946401972,-46.06186417611011
52860.0,49.16131608576899,-40.734256911476336
52920.0,49.713439275220594,-35.249140701739016
52980.0,49.976939996235004,-29.6670482186372
53040.0,49.94596148869364,-24.056749586504335
53100.0,49.62120010922822,-18.489502246119244
53160.0,49.00983134290268,-13.03278387367251
53220.0,48.12476876837011,-7.744806019510767
53280.0,46.98342748426233,-2.6708193462276193
53340.0,45.606249915844494,2.1583841350484025
53400.0,44.015249817856244,6.72598588525408
53460.0,42.23276164072407,11.027277169285224
53520.0,40.28048958994099,15.067116517578151
53580.0,38.17886976910734,18.85728804840472
53640.0,35.946706830695575,22.41413283009196
53700.0,33.60102372286222,25.75662827284447
53760.0,31.157061045434162,28.90494916320572
53820.0,28.62837158098931,31.87946351365092
53880.0,26.02696846599743,34.70008278742315
53940.0,23.36349798406016,37.38588137762658
54000.0,20.64741825495774,39.95491002357927
54060.0,17.887172753921668,42.42414280801684
54120.0,15.090352909276906,44.80951244318861
54180.0,12.263847508248631,47.12600150050965
54240.0,9.413978806204751,49.38776744258165
54300.0,6.546626510547008,51.608286922156935
54360.0,3.6673415160898473,53.800510253275604
54420.0,0.7814516282189791,55.97702071335974
54480.0,-2.1058383268371768,58.15019581715364
54540.0,-4.9893495431080455,60.33236923090017
54600.0,-7.863832947767135,62.535992781521884
54660.0,-10.723871103862955,64.77379817683935
54720.0,-13.563775828498963,67.05895761326802
54780.0,-16.377479085323834,69.40524134118675
54840.0,-19.158414809564317,71.82716832541004
54900.0,-21.899389562250793,74.34014311843738
54960.0,-24.592440405970766,76.9605675934269
55020.0,-27.228679328637966,79.70590981025843
55080.0,-29.79812517972618,82.59470353442295
55140.0,-32.289526793370506,85.64644045233165
55200.0,-34.69018522754365,88.88130305842883
55260.0,-36.98578938142385,92.31967075901895
55320.0,-39.16028811324948,95.98131829010002
55380.0,-41.19583340991114,99.8842209237322
55440.0,-43.072842202229516,104.04289680335356
55500.0,-44.77023625689035,108.46626959515604
55560.0,-46.26592461178899,113.1551419891531
55620.0,-47.53758266912981,118.0995401386678
55680.0,-48.56374659120635,123.27639986256013
55740.0,-49.325175515243586,128.64824784769564
55800.0,-49.80634434998787,134.1635676443369
55860.0,-49.99684281782503,139.75931282436994
55920.0,-49.892413557481916,145.36551450816398
55980.0,-49.49540017283551,150.91127911872994
56040.0,-48.814498890432105,156.33097908007093
56100.0,-47.863873302641196,161.56936741536205
56160.0,-46.661833151351956,166.58473728522478
56220.0,-45.22934259127313,171.3498858876055
56280.0,-43.58860134845942,175.85122116644874
56340.0,-41.76186342223802,-179.91333425862027
56400.0,-39.77056538808033,-175.93695698525192
56460.0,-37.634761811906984,-172.2065229536319
56520.0,-35.372821040501094,-168.70487432289315
56580.0,-33.00131789326949,-165.4126192375378
56640.0,-30.53506131805881,-162.3094562193602
56700.0,-27.9872056421123,-159.3750820428635
56760.0,-25.3694071394228,-156.58976675605348
56820.0,-22.691999699792333,-153.93467943282178
56880.0,-19.964173022318047,-151.39203647351744
56940.0,-17.194143791258583,-148.94512894619632
57000.0,-14.389315099206948,-146.5782707961937
57060.0,-11.556422490989219,-144.27669747026596
57120.0,-8.701666910091843,-142.02643497485874
57180.0,-5.830835937595103,-139.81415236629493
57240.0,-2.949415315352901,-137.62700569331122
57300.0,-0.06269304414921116,-135.45247801059253
57360.0,2.824141521699464,-133.2782178630001
57420.0,5.705901114690118,-131.09187731320347
57480.0,8.577304048370541,-128.88094996184824
57540.0,11.432875284243071,-126.63260939646774
57600.0,14.266842601703472,-124.33354910116809
57660.0,17.073025446225156,-121.96982615235609
57720.0,19.844714156661386,-119.52671320070473
57780.0,22.57453756182361,-116.98856658253892
57840.0,25.25431752148702,-114.3387233033764
57900.0,27.87491006775616,-111.55944655926042
57960.0,30.42603466885708,-108.63194887165155
58020.0,32.89609618405999,-105.53653407460442
58080.0,35.272008800423876,-102.25291397695922
58140.0,37.539038170646386,-98.76077088239845
58200.0,39.68068749342701,-95.04064920971655
58260.0,41.67866525367,-91.075260274862
58320.0,43.512985440164314,-86.85126091443523
58380.0,45.16226184838463,-82.36150172443399
58440.0,46.60426018284176,-77.60761783360267
58500.0,47.81675593654515,-72.60265175208234
58560.0,48.77870310831895,-67.37318550128033
58620.0,49.47164547000486,-61.960300861386756
58680.0,49.881209762763966,-56.418706513942574
58740.0,49.99843995553929,-50.81367365490088
58800.0,49.82070639175563,-45.2159922150665
58860.0,49.35198423032775,-39.695801871790124
58920.0,48.60243456285147,-34.316558783381645
58980.0,47.58738778991698,-29.130348479116183
59040.0,46.325954654782194,-24.17527608113938
59100.0,44.839532327683074,-19.47501389353446
59160.0,43.1504329793617,-15.04006079436329
59220.0,41.28077618198679,-10.870027368800802
59280.0,39.25169614461192,-6.956287966967424
59340.0,37.08284736611096,-3.284519646156991
59400.0,34.79215554432986,0.16314069484035065
59460.0,32.39574933351635,3.406417611555117
59520.0,29.908013106994797,6.46568344384158
59580.0,27.341712562642336,9.361141414570378
59640.0,24.708158074732616,12.112320131077908
59700.0,22.01738222463981,14.737798136953407
59760.0,19.27831691842049,17.25509039909979
59820.0,16.498961934093245,19.68064404881403
59880.0,13.686541075303127,22.029904859614295
59940.0,10.847644874581443,24.317427541167554
60000.0,7.988360465473361,26.557011795305066
60060.0,5.114390201338039,28.76185254733065
60120.0,2.2311611090481938,30.94469730930231
60180.0,-0.6560724874449121,33.118006706445705
60240.0,-3.542130735078095,35.29411617164154
60300.0,-6.421811937494117,37.485397951054395
60360.0,-9.289795676857452,39.704423030483184
60420.0,-12.140542891771874,41.964122456694525
60480.0,-14.968190448369542,44.27794677048765
60540.0,-17.766437800980352,46.6600207766383
60600.0,-20.528423495784644,49.12528844102568
60660.0,-23.24658961912438,51.6896390148872
60720.0,-25.912532978700288,54.37000012845673
60780.0,-28.51684305119551,57.184376094432764
60840.0,-31.048928848616676,60.15179957673857
60900.0,-33.49684026991114,63.29215194743153
60960.0,-35.84709472733928,66.62579265131691
61020.0,-38.08452738709059,70.17292285335245
61080.0,-40.19219354227922,73.9525984579657
61140.0,-42.15136408157347,77.98131137813188
61200.0,-43.941667966421775,82.27108992636926
61260.0,-45.54144497826599,86.82714724474245
61320.0,-46.92837059567638,91.64524531710883
61380.0,-48.08039313076385,96.70913745301222
61440.0,-48.97697264282476,101.98866090034883
61500.0,-49.600531257001954,107.43917756538575
61560.0,-49.93793156349506,113.00297736717049
61620.0,-49.981729157831225,118.61288114220689
61680.0,-49.73093968182727,124.19766655657722
61740.0,-49.19114338524327,129.68832780600812
61800.0,-48.3739020860706,135.02387421002393
61860.0,-47.29562558405033,140.1555436752403
61920.0,-45.97613193185341,145.04885846781093
61980.0,-44.43716565846002,149.68359524852085
62040.0,-42.70108252391445,154.05220344772044
62100.0,-40.78981865514787,158.15737261819487
62160.0,-38.72417553991395,162.00937207747293
62220.0,-36.52339249859617,165.6235895729797
62280.0,-34.204948645924645,169.0184895572639
62340.0,-31.784529973931672,172.21405444325927
62400.0,-29.27610423254819,175.23067724489135
62460.0,-26.692058723725403,178.0884302618861
62520.0,-24.043368990560243,-179.19337597847664
62580.0,-21.339777318087222,-176.59642209407502
62640.0,-18.58996827977118,-174.1034618298188
62700.0,-15.801734426858808,-171.69830560759306
62760.0,-12.982129112271648,-169.36574101548842
62820.0,-10.137605894996799,-167.09141470269978
62880.0,-7.274145437793957,-164.8616919178369
62940.0,-4.39737163648554,-162.66350398546012
63000.0,-1.512659149503819,-160.48418987761312
63060.0,1.374765301730344,-158.3113352670916
63120.0,4.259725409954948,-156.1326107041478
63180.0,7.136999059559771,-153.93560959892304
63240.0,10.001220922267418,-151.70768637820143
63300.0,12.846781393272765,-149.4357954698492
63360.0,15.667719414117785,-147.10633269441723
63420.0,18.457606805754374,-144.70498234629798
63480.0,21.209421929338607,-142.21657596091148
63540.0,23.915410908545688,-139.62497282780492
63600.0,26.56693544888451,-136.9129781553537
63660.0,29.15430771871982,-134.06232290178633
63720.0,31.666615154307145,-131.05374005945038
63780.0,34.09154186522743,-127.86718564958385
63840.0,36.415199073547036,-124.48226798155146
63900.0,38.621985212295144,-120.87896316314226
63960.0,40.69450712516856,-117.03870260162095
64020.0,42.61360661933324,-112.94590895165862
64080.0,44.35854917199494,-108.59001522246389
64140.0,45.90743905344982,-103.96790959861484
64200.0,47.23791961018254,-99.08659426007503
64260.0,48.32818916167853,-93.96564177380355
64320.0,49.15830458817912,-88.63883345366081
64380.0,49.71165924051855,-83.15427807592751
64440.0,49.97643048190506,-77.57246207594496
64500.0,49.94673396495912,-71.96213140216985
64560.0,49.62323723735014,-66.3945463445713
64620.0,49.013088812961605,-60.93721385446937
64680.0,48.12917975625555,-55.64839524543665
64740.0,46.9889087329484,-50.573402286790845
64800.0,45.61270826431663,-45.74308997380756
64860.0,44.02258818167178,-41.17433423133728
64920.0,42.24088383008651,-36.87189113559485
64980.0,40.28930374837951,-32.8309378942442
65040.0,38.188290509862185,-29.039715054952953
65100.0,35.95665630634393,-25.481896832578236
65160.0,33.61143191067615,-22.138513814462037
65220.0,31.167865509542747,-18.989393954766136
65280.0,28.639516920668008,-16.014168450461362
65340.0,26.03840560215791,-13.192922867682588
65400.0,23.375183385795257,-10.50657865901929
65460.0,20.659313169035627,-7.937080447454753
65520.0,17.899242472266238,-5.467449500975204
65580.0,15.102566090754268,-3.08174875152477
65640.0,12.276175559149824,-0.7649917540110127
65700.0,9.426395316617032,1.4969822350080135
65760.0,6.559106739673369,3.717652495552048
65820.0,3.6798619174074356,5.909971284936532
65880.0,0.793989404315122,8.086523126480861
65940.0,-2.093305650357469,10.259686078582094
66000.0,-4.976844535385473,12.441793647622744
66060.0,-7.8513786928995195,14.645296797470836
66120.0,-10.7114916343366,16.882925672191103
66180.0,-13.551496582540908,19.167850211675102
66240.0,-16.365327398632328,21.513837736826346
66300.0,-19.146420451197333,23.935403652238183
66360.0,-21.887585322983355,26.447948400000765
66420.0,-24.580862744481834,29.067869334754164
66480.0,-27.217369075528783,31.812629825834275
66540.0,-29.787128290266526,34.700759150016744
66600.0,-32.27889512512412,37.75174527425012
66660.0,-34.67997729644594,40.9857685692683
66720.0,-36.97607101717223,44.423209065184146
66780.0,-39.15113289060798,48.08384639219675
66840.0,-41.18732267820615,51.98566686710209
66900.0,-43.06506447834337,56.14320793043087
66960.0,-44.76328570518181,60.56542278540491
67020.0,-46.25989833864753,65.25315517016624
67080.0,-47.53257665252661,70.1964834962896
67140.0,-48.55985028511145,75.37240425373415
67200.0,-49.32246551851445,80.74350734658339
67260.0,-49.80487793959508,86.25833349701192
67320.0,-49.99665246120038,91.85387773655567
67380.0,-49.893503548333534,97.46018889935917
67440.0,-49.497746172346524,103.00636369665969
67500.0,-48.818050484940684,108.42673945047562
67560.0,-47.86855897201694,113.66601568104413
67620.0,-46.667566569932234,118.68242313686888
67680.0,-45.236029100424716,123.4486968370778
67740.0,-43.59614368875872,127.95118954640955
67800.0,-41.77016621474639,132.18777938335563
67860.0,-39.77953823323618,136.16525687805878
67920.0,-37.644321134952456,139.8967239444166
67980.0,-35.3828909394845,143.39932515301072
68040.0,-33.01183027150627,146.69244585060267
68100.0,-30.54595555086698,149.79638580069923
68160.0,-27.99842797273986,152.73144967372446
68220.0,-25.380909942810753,155.5173707674056
68280.0,-22.70374070523898,158.17298433791015
68340.0,-19.976114550017474,160.71607866211178
68400.0,-17.206252032334334,163.1633672714072
68460.0,-14.401559452046891,165.53054047029215
68520.0,-11.568774956105914,167.8323665461197
68580.0,-8.71410153943358,170.08282261482017
68640.0,-5.843328330690953,172.29524207907818
68700.0,-2.961942152833352,174.48247066064974
68760.0,-0.07523164832855082,176.65702637620365
68820.0,2.811613609837604,178.83126104946092
68880.0,5.693406552854331,-178.98247771722984
68940.0,8.564866115459804,-176.77168456235046
69000.0,11.420518318738548,-174.52353481069576
69060.0,14.254592466615088,-172.22472437291222
69120.0,17.06091003093809,-169.86131341700258
69180.0,19.832763925195042,-167.41857830027513
69240.0,22.562786155239454,-164.88087958735366
69300.0,25.242802418746432,-162.23155887168704
69360.0,27.863673303182843,-159.45288403106352
69420.0,30.41512359403312,-156.52607194613515
69480.0,32.88556424550897,-153.43142986206223
69540.0,35.2619162795488,-150.1486711491068
69600.0,37.5294527968488,-146.6574765813511
69660.0,39.671684794272736,-142.93838434036627
69720.0,41.67032844996309,-138.97409284285925
69780.0,43.50540463843577,-134.75123724983314
69840.0,45.15553224945655,-130.26263582873918
69900.0,46.598479047235394,-125.5098797594721
69960.0,47.812018168849875,-120.50595682367586
70020.0,48.77509557647339,-115.2773870682415
70080.0,49.469240550276005,-109.86518967749033
70140.0,49.8800590051367,-104.324019180898
70200.0,49.998569024949276,-98.71911060341891
70260.0,49.82211237639827,-93.12124285932566
70320.0,49.35463595288523,-87.60057207022054
70380.0,48.606275819245155,-82.22059487739713
70440.0,47.59234276023856,-77.03345345001692
70500.0,46.3319343502752,-72.07731605117046
70560.0,44.84644094970129,-67.3759159359557
70620.0,43.15817337170487,-62.939804729288205
70680.0,41.28925396786299,-58.768634623144045
70740.0,39.26082249440436,-54.853810034424285
70800.0,37.09254056820208,-51.18102776431425
70860.0,34.80234164922338,-47.73243610192476
70920.0,32.40636214898058,-44.488315634406426
70980.0,29.918993781443007,-41.42829481202043
71040.0,27.35300893724387,-38.53216839039972
71100.0,24.719723930038864,-35.78040409783227
71160.0,22.029176502712296,-33.15441892405753
71220.0,19.29030296821237,-30.63669321146618
71280.0,16.511106804800384,-28.210775295750224
71340.0,13.698814867364717,-25.8612152696566
71400.0,10.860020148647594,-23.573454834799502
71460.0,8.000811704182011,-21.33369132855136
71520.0,5.126893315694429,-19.128727536363716
71580.0,2.2436929796610037,-16.945814349087964
71640.0,-0.6435344446935857,-14.772490244893165
71700.0,-3.5296089896295997,-12.596419597433858
71760.0,-6.409329261751576,-10.405230670606654
71820.0,-9.277375571632765,-8.186353691037189
71880.0,-12.128210030296298,-5.926859522135184
71940.0,-14.955971149481849,-3.6133002182122587
72000.0,-17.754360541685514,-1.2315542251916294
72060.0,-20.516519472365243,1.2333185754189966
72120.0,-23.234893363877692,3.7972030985362064
72180.0,-25.901083035379582,6.477022333297179
72240.0,-28.505682705187972,9.290775944966935
72300.0,-31.038106896250266,12.257492406221774
72360.0,-33.486411792939954,15.397050041913552
72420.0,-35.83712181127546,18.729807374424954
72480.0,-38.075079683664214,22.275968104402622
72540.0,-40.18334852656696,26.054595838418727
72600.0,-42.143206797223506,30.08219737608484
72660.0,-43.934289999938485,34.370825203560315
72720.0,-45.53494237967086,38.925727647402915
72780.0,-46.922840505562725,43.74271349356457
72840.0,-48.07592902602253,48.80559303371858
72900.0,-48.97365840099697,54.08426638030662
72960.0,-49.59843463346701,59.534156842648784
73020.0,-49.93709806226205,65.0976048665312
73080.0,-49.98217747130617,70.70746171327363
73140.0,-49.73265971236357,76.29250922082393
73200.0,-49.19409732155905,81.78371862687908
73260.0,-48.37802827469753,87.12005388930737
73320.0,-47.30084431038802,92.25269375015321
73380.0,-45.98235194206818,97.1470971527367
73440.0,-44.444290353644625,101.78298140891962
73500.0,-42.709015107583774,106.15274581342264
73560.0,-40.79846592322389,110.25904122661754
73620.0,-38.73345032868211,114.1121096249651
73680.0,-36.53321499811516,117.72732128901963
73740.0,-34.21524685769609,121.12313102885916
73800.0,-31.795239583489288,124.31951736274084
73860.0,-29.287168120656354,127.3368733435312
73920.0,-26.703426282415265,130.19527379684482
73980.0,-24.054995357569794,132.9140331812382
74040.0,-21.351622601372252,135.51147544660762
74100.0,-18.601996813219326,138.0048515288556
74160.0,-15.813914077527992,140.4103554579145
74220.0,-12.994430646056992,142.74320365446314
74280.0,-10.150002399381808,145.01775290760625
74340.0,-7.2866117955701535,147.2476407653272
74400.0,-4.409884041758302,149.4459380213245
74460.0,-1.5251946560020246,151.62530712675567
74520.0,1.3622292105608,153.79816313053098
74580.0,4.2472112398082,155.97683550073106
74640.0,7.124529723840548,158.17373014213305
74700.0,9.988820171156467,160.40149124120177
74760.0,12.834474264022074,162.67316228773862
74820.0,15.655532713108594,165.0023446992664
74880.0,18.44556963233893,167.40335077514447
74940.0,21.197566250257797,169.89134499836084
75000.0,23.903772189200584,172.48246364625564
75060.0,26.555553343131812,175.1938968344384
75120.0,29.14322681083093,178.043909019913
75180.0,31.655885733635028,-178.9482367706802
75240.0,34.08122069373801,-175.76249918143122
75300.0,36.405350076426906,-172.37848672266043
75360.0,38.61267998053831,-168.77617185425734
75420.0,40.68582506684952,-164.93697669035066
75480.0,42.6056345388011,-160.8453068791074
75540.0,44.351380008128295,-156.49056864762042
75600.0,45.90116949700573,-151.86961209775026
75660.0,47.232646386366554,-146.9893898388999
75720.0,48.32400394904477,-141.86941546725242
75780.0,49.15528786485644,-136.5434070016976
75840.0,49.709873755306695,-131.05941360298664
75900.0,49.97591540512307,-125.47787539155946
75960.0,49.94750089147404,-119.86751402984864
76020.0,49.62526895170074,-114.29959253669008
76080.0,49.016341114300076,-108.8416470333211
76140.0,48.133585905833236,-103.55198852605776
76200.0,46.9943855308975,-98.47598986291163
76260.0,45.619162579019665,-93.64456903333125
76320.0,44.02992293433599,-89.07465938415415
76380.0,42.24900281859416,-84.77106438154122
76440.0,40.29811509195354,-80.72899702165483
76500.0,38.19770879066919,-76.93672256306175
76560.0,35.96660364313952,-73.37793054009016
76620.0,33.62183824697503,-70.03365956471508
76680.0,31.178668377560548,-66.88374035063966
76740.0,28.650660890600182,-63.907803316417336
76800.0,26.049841569121753,-61.08593106463516
76860.0,23.386867796476995,-58.39904089701433
76920.0,20.671207251077856,-55.829072799776974
76980.0,17.911311501535828,-53.35904339091968
77040.0,15.114778712877413,-50.97301124482852
77100.0,12.28850316974666,-48.65598604035919
77160.0,9.43881149743641,-46.39380375049337
77220.0,6.57158674372148,-44.17298246502374
77280.0,3.692382193957525,-41.980567980354444
77340.0,0.8065271536318251,-39.80397452422371
77400.0,-2.0807729031674786,-37.63082349152818
77460.0,-4.964339358147868,-35.44878153269245
77520.0,-7.838924166551683,-33.2453985438525
77580.0,-10.699111786279914,-31.007945941666872
77640.0,-13.539216843865573,-28.72325603979026
77700.0,-16.353175095672185,-26.377564443945765
77760.0,-19.134425341213557,-23.95635930715926
77820.0,-21.875780182277687,-21.444244295612332
77880.0,-24.569284014322925,-18.824826571842408
77940.0,-27.206057565937233,-16.080647456998083
78000.0,-29.776129932585015,-13.193182164958737
78060.0,-32.26826174961303,-10.142946453156195
78120.0,-34.66976738860286,-6.909762083725688
78180.0,-36.966350373786526,-3.4732484176932963
78240.0,-39.14197505238312,0.18637904696915528
78300.0,-41.17880896146408,4.087117640612337
78360.0,-43.05728337136541,8.24352406047541
78420.0,-44.75633135270927,12.664580998803093
78480.0,-46.25386784207735,17.351173191042864
78540.0,-47.52756600551681,22.29343126229316
78600.0,-48.5559489831996,27.468412347493818
78660.0,-49.319750230629154,32.8387695738837
78720.0,-49.8034060396134,38.35310088280056
78780.0,-49.99645653345317,43.9484428532867
78840.0,-49.89458801210857,49.55486214824852
78900.0,-49.50008680968343,55.10144588601172
78960.0,-48.8215969860557,60.522496384618165
79020.0,-47.87323989533503,65.76265972148454
79080.0,-46.67329563982976,70.78010425074544
79140.0,-45.24271168127913,75.5475027949097
79200.0,-43.60368252175141,80.05115289894336
79260.0,-41.77846590509438,84.28888813008685
79320.0,-39.7885083549425,88.26746609674383
79380.0,-37.65387808117272,91.99996652392193
79440.0,-35.39295877424431,95.50352067794036
79500.0,-33.02234086469235,98.79750737191803
79560.0,-30.55684824651979,101.90222463765284
79620.0,-28.009648985819112,104.83797857976529
79680.0,-25.392411623309428,107.62450583566591
79740.0,-22.71548076087907,110.28064598886527
79800.0,-19.988055282652116,112.82419199300139
79860.0,-17.218359617757955,115.27186197993822
79920.0,-14.413803276069675,117.63935050594431
79980.0,-11.58112700916805,119.94142959496901
80040.0,-8.726535865696425,122.19207948810978
80100.0,-5.855820523996425,124.40463605000764
80160.0,-2.9744688900826395,126.59194677593227
80220.0,-0.08777024997049021,128.76653075695396
80280.0,2.799085602864312,130.94074018842713
80340.0,5.680911796490769,133.12692234077582
80400.0,8.552427884976291,135.33758154072956
80460.0,11.408160947031497,137.5855407292516
80520.0,14.242341809021074,139.88410157211172
80580.0,17.04879396689594,142.2472008125151
80640.0,19.82081290628295,144.68955838902457
80700.0,22.551033807336996,147.2268095106928
80760.0,25.23128620263833,149.87560799721854
80820.0,27.85243523179187,152.6536812887056
80880.0,30.404210994166323,155.57980814272838
80940.0,32.87503053557254,158.6736778971831
81000.0,35.25182170980968,161.95557560993637
81060.0,37.51986506335852,165.44582201985924
81120.0,39.66267939055237,169.16388515814774
81180.0,41.66198856454967,173.127079473848
81240.0,43.49782035101852,177.34879143901327
81300.0,45.148798744320416,-178.16376493456974
81360.0,46.592693584499465,-173.41213692823945
81420.0,47.80727567481462,-168.40925763651617
81480.0,48.77148296763498,-163.18158515111355
81540.0,49.4668302800053,-157.7700760448239
81600.0,49.87890272614098,-152.22933063714737
81660.0,49.998692522414046,-146.62454768569512
81720.0,49.823512864187805,-141.02649496984935
81780.0,49.3572823713428,-135.50534493963963
81840.0,48.610112062454185,-130.12463462963876
81900.0,47.5972930798454,-124.93656279940474
81960.0,46.3379098005415,-119.97936084504207
82020.0,44.853345748901,-115.27682299743071
82080.0,43.165910359576436,-110.83955367244255
82140.0,41.29772874861171,-106.66724671960725
82200.0,39.269946210154934,-102.751336670911
82260.0,37.10223147447166,-99.07754011228293
82320.0,34.8125257624456,-95.6280167548104
82380.0,32.416973243915095,-92.38305235112654
82440.0,29.92997297591628,-89.3222761569055
82500.0,27.364304044951304,-86.42548091570485
82560.0,24.73128870742538,-83.67313069653675
82620.0,22.0409698710881,-81.046638024541
82680.0,19.302288258963195,-78.52847855142893
82740.0,16.523251052500832,-76.10219607859005
82800.0,13.711088160521436,-73.75233656293021
82860.0,10.872395038428893,-71.4643381147665
82920.0,8.013262665976194,-69.22439510783094
82980.0,5.139396255315884,-67.01930803535613
83040.0,2.2562247744628015,-64.83632618807664
83100.0,-0.6309963802383496,-62.66298714450486
83160.0,-3.517087124561045,-60.48695508177409
83220.0,-6.396846366245945,-58.295858770790986
83280.0,-9.264955142395351,-56.077129647561996
83340.0,-12.115876734470774,-53.81784048266069
83400.0,-14.943751297686754,-51.504545922583276
83460.0,-17.74228260037805,-49.123127661207775
83520.0,-20.50461462472941,-46.65864942502518
83580.0,-23.223196126309286,-44.0952306336458
83640.0,-25.889631932669403,-41.41595293825538
83700.0,-28.494521000490597,-38.60282132185364
83760.0,-31.027283360278037,-35.63681150628992
83820.0,-33.4759814785305,-32.498048220772205
83880.0,-35.82714677215379,-29.166173877177922
83940.0,-38.06562953786479,-25.620982257611594
84000.0,-40.17450071529031,-21.843402079980144
84060.0,-42.13504633280974,-17.816911693848066
84120.0,-43.92690844411476,-13.529434483965845
84180.0,-45.528435769370155,-8.975686989531875
84240.0,-46.91730598594011,-4.159813671666071
84300.0,-48.07146010200631,0.9020527062526673
84360.0,-48.97033900579176,6.179875109497604
84420.0,-49.59633260640916,11.629138276285616
84480.0,-49.9362590153918,17.192233247481553
84540.0,-49.98262021986674,22.80204181303253
84600.0,-49.73437428361733,28.387350102902516
84660.0,-49.1970460179663,33.87910650802634
84720.0,-48.38214953479123,39.21622970514783
84780.0,-47.306058484005256,44.34983931053205
84840.0,-45.98856781153433,49.24533094334178
84900.0,-44.4514113312088,53.8823625356432
84960.0,-42.716944388410376,58.2532831997015
85020.0,-40.80711028143129,62.3607050526361
85080.0,-38.74272257076492,66.21484268307186
85140.0,-36.54303528069453,69.83104886607222
85200.0,-34.22554314829503,73.22776873987718
85260.0,-31.805947535141076,76.42497690727562
85320.0,-29.298230584267756,79.44306644640017
85380.0,-26.714792623369647,82.30211470054432
85440.0,-24.066620690345694,85.02144005529937
85500.0,-21.363467013985204,87.61937102685917
85560.0,-18.6140246227443,90.11316323229892
85620.0,-15.826093137096981,92.51901515489794
85680.0,-13.006731710265345,94.85214722635577
85740.0,-10.162398546802098,97.12691967674124
85800.0,-7.299077902272957,99.35697285351245
85860.0,-4.4223962971517,101.55537967161932
85920.0,-1.5377301110234904,103.73480400845791
85980.0,1.3496930734236074,105.90766163769803
86040.0,4.23469692539359,108.08628204880513
86100.0,7.112060142866892,110.28307046452896
86160.0,9.976419069218771,112.51066968762294
86220.0,12.822166671766484,114.78212112854865
86280.0,15.643345428135804,117.11102344579733
86340.0,18.433531742844202,119.51168553516116
86400.0,21.18570970920815,121.99926790031313
