planes,sats_per_plane,inclination_deg,phase_factor,raan0_deg,phase0_deg,total_satellites,screen_score,min_multiplicity,spacetime_single_ratio,min_point_single_availability,spacetime_double_ratio,min_point_double_availability,max_gap_s,worst_time_index,worst_time_single_ratio,average_multiplicity,min_margin_deg,evaluation
40,52,50.0,20,0.0,0.0,2080,0.0,2,1.0000000000000002,1.0,1.0000000000000002,1.0,0.0,0,1.0000000000000004,3.8036019534591157,0.0,coarse_3deg_600s
44,48,50.0,0,0.0,0.0,2112,0.0,2,1.0000000000000002,1.0,1.0000000000000002,1.0,0.0,0,1.0000000000000004,3.8663963501890533,0.0,coarse_3deg_600s
38,52,50.0,19,0.0,0.0,1976,0.0,1,1.0000000000000002,1.0,0.9994392283182721,0.9791666666666666,0.0,0,1.0000000000000004,3.6150753763877836,0.0,coarse_3deg_600s
32,40,52.0,31,0.0,0.0,1280,1.1745697916666666,0,0.9787230690236264,0.9097222222222222,0.774718146856356,0.5416666666666666,2400.0,22,0.957480551752705,2.3594385687766035,-4.36446872665254,coarse_3deg_600s
33,39,52.0,8,0.0,0.0,1287,1.1668175,0,0.9717891462012214,0.9097222222222222,0.7524604190864793,0.5347222222222222,1800.0,135,0.9551831716282706,2.374369509348082,-4.36446872665254,coarse_3deg_600s
36,35,52.0,1,0.0,0.0,1260,1.1716447916666668,0,0.9829272799967139,0.9027777777777778,0.7654638072942753,0.4583333333333333,1200.0,17,0.9651331305459787,2.322093506989174,-4.36446872665254,coarse_3deg_600s
36,35,55.0,1,0.0,0.0,1260,1.1605770833333333,0,0.9780695934532654,0.8958333333333334,0.720300881499353,0.4305555555555556,1200.0,58,0.9650559526038451,2.2193722793221613,-4.36446872665254,coarse_3deg_600s
39,33,52.0,1,0.0,0.0,1287,1.1733279166666668,0,0.9738330005886726,0.8958333333333334,0.7923248043605925,0.5277777777777778,1200.0,8,0.9401093452807103,2.3731294122178133,-4.36446872665254,coarse_3deg_600s
39,32,52.0,38,0.0,0.0,1248,1.171895,0,0.9734881301840791,0.8888888888888888,0.7722688695727277,0.4652777777777778,600.0,121,0.9251898503112227,2.3013282959918016,-4.36446872665254,coarse_3deg_600s
32,40,52.0,24,0.0,0.0,1280,1.1779552083333333,0,0.9843434602235652,0.8888888888888888,0.7956687165903161,0.4791666666666667,600.0,0,0.9734815184491541,2.3605776992001344,-4.36446872665254,coarse_3deg_600s
34,37,52.0,1,0.0,0.0,1258,1.17101375,0,0.9773830287936354,0.875,0.7455621277611281,0.4375,1200.0,5,0.9683609999104845,2.318979402047105,-4.36446872665254,coarse_3deg_600s
32,40,52.0,1,0.0,0.0,1280,1.1717052083333335,0,0.9814376191633003,0.875,0.7653457119110106,0.5138888888888888,3000.0,116,0.9663211281277098,2.358596009606023,-4.36446872665254,coarse_3deg_600s
41,31,52.0,0,0.0,0.0,1271,1.1781754166666667,0,0.9829190389660236,0.8611111111111112,0.7685169963299816,0.4652777777777778,600.0,62,0.8765834932466132,2.3420054472701577,-4.36446872665254,coarse_3deg_600s
34,35,52.0,1,0.0,0.0,1190,1.1612770833333335,0,0.9641527898599398,0.8541666666666666,0.7069822766813674,0.4027777777777778,1200.0,33,0.9490920766981226,2.194459761129216,-4.36446872665254,coarse_3deg_600s
37,34,52.0,9,0.0,0.0,1258,1.1517429166666666,0,0.9552287245308378,0.8541666666666666,0.6941681190206372,0.4305555555555556,1200.0,23,0.9330094738723589,2.319079019792659,-4.36446872665254,coarse_3deg_600s
40,32,52.0,1,0.0,0.0,1280,1.1736583333333335,0,0.9791213462421072,0.8541666666666666,0.7857694201296904,0.5,1200.0,130,0.9527257907915325,2.3601294250727225,-4.36446872665254,coarse_3deg_600s
32,40,58.0,0,0.0,0.0,1280,1.1581635416666667,0,0.9724907607188064,0.8541666666666666,0.703572660811673,0.375,3000.0,23,0.9540430558072757,1.9823530117830717,-4.36446872665254,coarse_3deg_600s
32,40,58.0,8,0.0,0.0,1280,1.1534760416666667,0,0.9676263493131694,0.8541666666666666,0.6769684999956506,0.3819444444444444,1200.0,134,0.9449962461118229,1.980485221512576,-4.36446872665254,coarse_3deg_600s
32,39,60.0,16,0.0,0.0,1248,1.1390825,0,0.949516777095839,0.8472222222222222,0.6308714244932071,0.3402777777777778,3000.0,92,0.9241400200057217,1.8077623668761416,-4.36446872665254,coarse_3deg_600s
42,30,52.0,41,0.0,0.0,1260,1.17099375,0,0.9727728513497763,0.8472222222222222,0.759135091376548,0.4444444444444444,1800.0,4,0.9127154951216809,2.321161751707999,-4.36446872665254,coarse_3deg_600s
30,41,55.0,29,0.0,0.0,1230,1.1597052083333335,0,0.9707525540944254,0.8402777777777778,0.7061728938096847,0.3611111111111111,1800.0,57,0.9425653863600331,2.167142433793567,-4.36446872665254,coarse_3deg_600s
32,37,52.0,31,0.0,0.0,1184,1.1571704166666665,0,0.9659577001188617,0.8333333333333334,0.7197637182522882,0.3680555555555556,1200.0,20,0.9355758220824639,2.1828705574212837,-4.36446872665254,coarse_3deg_600s
34,36,52.0,0,0.0,0.0,1224,1.170181875,0,0.967198592363174,0.8333333333333334,0.7378535861670259,0.4305555555555556,600.0,63,0.9459079647636464,2.2567609179379327,-4.36446872665254,coarse_3deg_600s
41,30,52.0,1,0.0,0.0,1230,1.1682989583333334,0,0.9796271170685833,0.8333333333333334,0.7468577626042543,0.4166666666666667,1200.0,47,0.9212258301486728,2.268496449571071,-4.36446872665254,coarse_3deg_600s
30,42,52.0,7,0.0,0.0,1260,1.169040625,0,0.9709734423479967,0.8333333333333334,0.7695941447882243,0.4444444444444444,1200.0,117,0.9582982169692852,2.323663073576733,-4.36446872665254,coarse_3deg_600s
30,42,55.0,15,0.0,0.0,1260,1.1633114583333335,0,0.9677766551946841,0.8333333333333334,0.7388165900147888,0.3680555555555556,1200.0,105,0.9280832894552229,2.2197481317795305,-4.36446872665254,coarse_3deg_600s
41,30,55.0,40,0.0,0.0,1230,1.1565802083333334,0,0.962800790424442,0.8263888888888888,0.6879908733464563,0.3541666666666667,1800.0,45,0.8871604328726119,2.164720218721359,-4.36446872665254,coarse_3deg_600s
32,39,58.0,16,0.0,0.0,1248,1.1459835416666666,0,0.9594733397099786,0.8263888888888888,0.6552910854818884,0.3541666666666667,3000.0,45,0.9227180908504742,1.9304328751546374,-4.36446872665254,coarse_3deg_600s
30,42,52.0,0,0.0,0.0,1260,1.1673479166666667,0,0.9814422234663152,0.8263888888888888,0.7632005929395089,0.4583333333333333,1200.0,43,0.921985418207623,2.321994927367431,-4.36446872665254,coarse_3deg_600s
28,45,55.0,0,0.0,0.0,1260,1.1639625,0,0.9679590254482662,0.8263888888888888,0.719528004056043,0.3611111111111111,1200.0,98,0.9342324792679222,2.2211121603879858,-4.36446872665254,coarse_3deg_600s
30,42,58.0,22,0.0,0.0,1260,1.158884375,0,0.9689316270333204,0.8263888888888888,0.6975083314300381,0.3472222222222222,1200.0,14,0.948789590715821,1.9480833679410503,-4.36446872665254,coarse_3deg_600s
30,42,58.0,7,0.0,0.0,1260,1.1521135416666668,0,0.9582587167527135,0.8263888888888888,0.6826448635948229,0.3611111111111111,1200.0,105,0.9415409249188715,1.9482559746418637,-4.36446872665254,coarse_3deg_600s
32,40,60.0,24,0.0,0.0,1280,1.1487885416666668,0,0.9628627160216069,0.8263888888888888,0.6832356901983556,0.4027777777777778,1200.0,83,0.9413335034596186,1.8545724801279055,-4.36446872665254,coarse_3deg_600s
28,42,55.0,7,0.0,0.0,1176,1.1541254166666668,0,0.9586995216540317,0.8194444444444444,0.6613580864050836,0.2847222222222222,1200.0,94,0.9401591573260872,2.0710827602804516,-4.36446872665254,coarse_3deg_600s
28,43,55.0,21,0.0,0.0,1204,1.1580120833333334,0,0.9643289979890758,0.8194444444444444,0.6977420256331939,0.3263888888888889,1800.0,112,0.9465091130241376,2.121457304807871,-4.36446872665254,coarse_3deg_600s
28,44,55.0,14,0.0,0.0,1232,1.1622893749999998,0,0.9630312925628319,0.8194444444444444,0.7180465368204769,0.375,1200.0,35,0.9393445165139938,2.1681812186397935,-4.36446872665254,coarse_3deg_600s
30,42,58.0,0,0.0,0.0,1260,1.1595354166666667,0,0.9630735473563787,0.8194444444444444,0.6896443694281769,0.3472222222222222,1200.0,142,0.8893785107174519,1.9486062067732932,-4.36446872665254,coarse_3deg_600s
30,40,58.0,15,0.0,0.0,1200,1.138390625,0,0.953861324203204,0.8125,0.6390093791345595,0.3125,1800.0,81,0.9030837464744194,1.8583749441873658,-4.36446872665254,coarse_3deg_600s
30,41,52.0,1,0.0,0.0,1230,1.1647833333333333,0,0.9756092522569789,0.8125,0.7390602145411461,0.3888888888888889,1800.0,69,0.9246153152850382,2.267954578303575,-4.36446872665254,coarse_3deg_600s
28,44,55.0,7,0.0,0.0,1232,1.1608570833333334,0,0.9589284637751287,0.8125,0.71032365454082,0.3611111111111111,1800.0,97,0.9426797914530571,2.1684768468564752,-4.36446872665254,coarse_3deg_600s
28,45,55.0,21,0.0,0.0,1260,1.1609677083333334,0,0.9598548152141425,0.8125,0.7333201094150469,0.375,1200.0,12,0.9401570202526777,2.220059902725437,-4.36446872665254,coarse_3deg_600s
30,42,58.0,15,0.0,0.0,1260,1.1587541666666668,0,0.958162502254075,0.8125,0.6939501857478282,0.3333333333333333,1200.0,33,0.9341372098837206,1.949321691448321,-4.36446872665254,coarse_3deg_600s
41,31,58.0,0,0.0,0.0,1271,1.1522639583333334,0,0.9578614010677651,0.8125,0.6858811224388874,0.3819444444444444,1200.0,60,0.8322689104792087,1.9675703370781734,-4.36446872665254,coarse_3deg_600s
32,40,60.0,0,0.0,0.0,1280,1.1524343750000001,0,0.9570900847882066,0.8125,0.6880566354606894,0.3472222222222222,1800.0,130,0.9173936967435201,1.854702698336266,-4.36446872665254,coarse_3deg_600s
28,46,55.0,14,0.0,0.0,1288,1.17540125,0,0.9707561672783095,0.8125,0.7443466831263061,0.4305555555555556,1200.0,116,0.9428658492114641,2.267755567309151,-4.36446872665254,coarse_3deg_600s
36,33,55.0,9,0.0,0.0,1188,1.1398127083333334,0,0.9403910953987743,0.8055555555555556,0.626397248251676,0.2916666666666667,1200.0,107,0.9233657878989505,2.0920677274868,-4.36446872665254,coarse_3deg_600s
37,33,52.0,27,0.0,0.0,1221,1.1591441666666666,0,0.957324156637401,0.8055555555555556,0.707812456356919,0.4166666666666667,600.0,72,0.9385862664262301,2.250708192958661,-4.36446872665254,coarse_3deg_600s
30,41,58.0,1,0.0,0.0,1230,1.1436895833333334,0,0.9542371805465655,0.8055555555555556,0.6695182241992854,0.3194444444444444,2400.0,124,0.8827450640370491,1.902697349237667,-4.36446872665254,coarse_3deg_600s
39,32,55.0,38,0.0,0.0,1248,1.1560095833333333,0,0.9659037820594103,0.8055555555555556,0.7235670105728218,0.3958333333333333,1200.0,118,0.890820843472915,2.201325148967486,-4.36446872665254,coarse_3deg_600s
35,36,55.0,34,0.0,0.0,1260,1.158103125,0,0.9563007499304962,0.8055555555555556,0.741267037064238,0.4305555555555556,1200.0,103,0.9073080037170318,2.2193638602766605,-4.36446872665254,coarse_3deg_600s
30,42,60.0,22,0.0,0.0,1260,1.14286875,0,0.958345997712834,0.8055555555555556,0.6762304565532733,0.3402777777777778,1800.0,2,0.9408868320020629,1.8256268757535024,-4.36446872665254,coarse_3deg_600s
30,42,60.0,7,0.0,0.0,1260,1.13974375,0,0.9470542065745461,0.8055555555555556,0.6576702708396035,0.3541666666666667,1200.0,69,0.9232640233486276,1.8228051407096322,-4.36446872665254,coarse_3deg_600s
41,31,60.0,0,0.0,0.0,1271,1.1465347916666666,0,0.9550574407077784,0.8055555555555556,0.6477710683196809,0.3472222222222222,1200.0,3,0.8742603008787172,1.8418779970731052,-4.36446872665254,coarse_3deg_600s
32,40,60.0,8,0.0,0.0,1280,1.1470958333333334,0,0.9563022405727284,0.8055555555555556,0.654727224705158,0.3611111111111111,2400.0,138,0.9174039053416039,1.85304458235616,-4.36446872665254,coarse_3deg_600s
30,38,58.0,15,0.0,0.0,1140,1.1244072916666665,0,0.933312200991375,0.7986111111111112,0.5845951098130026,0.25,1800.0,140,0.8889120637836507,1.7631377051398769,-4.36446872665254,coarse_3deg_600s
34,37,52.0,33,0.0,0.0,1258,1.1746595833333333,0,0.9728090462669784,0.7986111111111112,0.7661479042851982,0.4097222222222222,600.0,74,0.954320840859048,2.3197714988581293,-4.36446872665254,coarse_3deg_600s
35,36,52.0,26,0.0,0.0,1260,1.1707333333333334,0,0.9726220677038173,0.7986111111111112,0.769942774706911,0.4722222222222222,1800.0,68,0.9536688212719782,2.3224304982450215,-4.36446872665254,coarse_3deg_600s
28,45,55.0,7,0.0,0.0,1260,1.1613583333333333,0,0.9666541465908658,0.7986111111111112,0.7202529749321989,0.4097222222222222,1200.0,134,0.9545643391643411,2.2202931252430207,-4.36446872665254,coarse_3deg_600s
30,42,58.0,1,0.0,0.0,1260,1.1528947916666668,0,0.9568718661914253,0.7986111111111112,0.6948452699080502,0.3680555555555556,1200.0,100,0.9124782497962115,1.9493246887234277,-4.36446872665254,coarse_3deg_600s
28,43,55.0,27,0.0,0.0,1204,1.1518922916666665,0,0.9620562566453023,0.7916666666666666,0.6840725262168942,0.3333333333333333,1800.0,143,0.9287083386860668,2.1202167548560444,-4.36446872665254,coarse_3deg_600s
35,36,52.0,1,0.0,0.0,1260,1.1712541666666667,0,0.9718939586391406,0.7916666666666666,0.7572164065909696,0.4513888888888889,600.0,54,0.9479709853255257,2.3230017522319333,-4.36446872665254,coarse_3deg_600s
28,45,55.0,27,0.0,0.0,1260,1.1629208333333334,0,0.9660419532191938,0.7916666666666666,0.717662754640142,0.3958333333333333,1800.0,17,0.9477593669161228,2.219285907593295,-4.36446872665254,coarse_3deg_600s
42,30,55.0,41,0.0,0.0,1260,1.1577125000000001,0,0.9517712090861536,0.7916666666666666,0.7284292410777433,0.4166666666666667,1800.0,8,0.878597145312385,2.2181199350054595,-4.36446872665254,coarse_3deg_600s
41,31,55.0,10,0.0,0.0,1271,1.1643733333333333,0,0.9581216946522174,0.7916666666666666,0.6882816053097957,0.3958333333333333,3000.0,138,0.9429011233577227,2.2381634789889553,-4.36446872665254,coarse_3deg_600s
30,39,58.0,22,0.0,0.0,1170,1.1402531249999999,0,0.9459718957302145,0.7847222222222222,0.6312877197784823,0.2986111111111111,1800.0,70,0.9258767344250134,1.8101475270066496,-4.36446872665254,coarse_3deg_600s
35,35,55.0,0,0.0,0.0,1225,1.1813697916666666,0,0.9545047832119481,0.7847222222222222,0.717296314715789,0.4027777777777778,1200.0,50,0.9025973534303249,2.1580300938377324,-4.36446872665254,coarse_3deg_600s
28,44,55.0,1,0.0,0.0,1232,1.160726875,0,0.9636733074629813,0.7847222222222222,0.6995191739906357,0.3263888888888889,1200.0,139,0.9429555272817015,2.1721575080846227,-4.36446872665254,coarse_3deg_600s
40,32,55.0,10,0.0,0.0,1280,1.1635020833333334,0,0.9581757401521869,0.7847222222222222,0.6824062003105213,0.4097222222222222,1200.0,57,0.9191603240793184,2.254413236530526,-4.36446872665254,coarse_3deg_600s
30,39,58.0,1,0.0,0.0,1170,1.1323104166666667,0,0.9381906592304321,0.7777777777777778,0.6278617482507447,0.2708333333333333,1800.0,124,0.8879590772289239,1.8089130604243637,-4.36446872665254,coarse_3deg_600s
30,40,58.0,0,0.0,0.0,1200,1.14034375,0,0.945403564544739,0.7777777777777778,0.6582335872121595,0.3263888888888889,1800.0,45,0.8552956950546948,1.858756095376665,-4.36446872665254,coarse_3deg_600s
28,43,55.0,1,0.0,0.0,1204,1.1516318749999999,0,0.9609177886147084,0.7777777777777778,0.6855917860545118,0.3472222222222222,1800.0,8,0.9425600186800734,2.118093626278651,-4.36446872665254,coarse_3deg_600s
35,35,52.0,0,0.0,0.0,1225,1.2368385416666667,0,0.960215512938495,0.7777777777777778,0.7499201348094361,0.4444444444444444,1200.0,17,0.9182890789271558,2.25919082086946,-4.36446872665254,coarse_3deg_600s
30,42,58.0,29,0.0,0.0,1260,1.1605770833333333,0,0.961880965127233,0.7777777777777778,0.694959763401292,0.375,1200.0,9,0.9322498309155332,1.9484413317952023,-4.36446872665254,coarse_3deg_600s
28,45,55.0,1,0.0,0.0,1260,1.1595354166666667,0,0.956909406569936,0.7777777777777778,0.7198079998701747,0.375,1800.0,75,0.937883268887949,2.2191240925029416,-4.36446872665254,coarse_3deg_600s
28,45,58.0,0,0.0,0.0,1260,1.1501604166666668,0,0.9493515875154183,0.7777777777777778,0.6812833030996663,0.3263888888888889,1200.0,20,0.9125779299568713,1.949330041342829,-4.36446872665254,coarse_3deg_600s
39,33,52.0,29,0.0,0.0,1287,1.1690310416666667,0,0.9631516101444948,0.7777777777777778,0.7407030587056372,0.4652777777777778,600.0,9,0.9438374514841579,2.373427792924136,-4.36446872665254,coarse_3deg_600s
28,42,58.0,7,0.0,0.0,1176,1.1396722916666666,0,0.9439831585213615,0.7708333333333334,0.6238184447783782,0.2847222222222222,1200.0,80,0.923666175908229,1.8184106678419865,-4.36446872665254,coarse_3deg_600s
30,40,60.0,0,0.0,0.0,1200,1.1369583333333333,0,0.9430872891292444,0.7708333333333334,0.627271773316772,0.2847222222222222,3000.0,45,0.8638158805030657,1.741419977892183,-4.36446872665254,coarse_3deg_600s
34,36,60.0,25,0.0,0.0,1224,1.1351558333333334,0,0.9456288689553397,0.7708333333333334,0.6193692067778191,0.2847222222222222,1200.0,54,0.9209583065374672,1.7741228748028375,-4.36446872665254,coarse_3deg_600s
30,41,58.0,29,0.0,0.0,1230,1.1500697916666667,0,0.9504381511247763,0.7708333333333334,0.6807433535014934,0.3194444444444444,1800.0,118,0.8894835483374264,1.9026652188265976,-4.36446872665254,coarse_3deg_600s
30,41,60.0,29,0.0,0.0,1230,1.146684375,0,0.9522345181775308,0.7708333333333334,0.6494254842072414,0.2777777777777778,1800.0,69,0.9083277983939588,1.7817143231116137,-4.36446872665254,coarse_3deg_600s
39,32,52.0,9,0.0,0.0,1248,1.1698116666666667,0,0.9637739853126723,0.7708333333333334,0.6981777396375644,0.4236111111111111,1800.0,29,0.9428756217950081,2.3002533633989444,-4.36446872665254,coarse_3deg_600s
30,42,60.0,0,0.0,0.0,1260,1.148728125,0,0.9587152694761871,0.7708333333333334,0.6691150812887238,0.3333333333333333,1200.0,114,0.9186482208325571,1.8244904503002566,-4.36446872665254,coarse_3deg_600s
35,34,52.0,1,0.0,0.0,1190,1.1616677083333333,0,0.9588651802066498,0.7638888888888888,0.7244658609017077,0.4166666666666667,1200.0,134,0.9329221885146002,2.193584195207796,-4.36446872665254,coarse_3deg_600s
28,43,55.0,14,0.0,0.0,1204,1.1534547916666666,0,0.9617429953603123,0.7638888888888888,0.7083848972437808,0.3055555555555556,1800.0,25,0.9458572271638868,2.130786574461034,-4.36446872665254,coarse_3deg_600s
30,41,60.0,1,0.0,0.0,1230,1.142778125,0,0.9548807891164365,0.7638888888888888,0.6433185597069968,0.2986111111111111,1800.0,81,0.9284276152391476,1.781033744919882,-4.36446872665254,coarse_3deg_600s
28,44,55.0,27,0.0,0.0,1232,1.1549977083333332,0,0.95272013134033,0.7638888888888888,0.7094253165793363,0.375,1200.0,7,0.9340393212556041,2.169808405823129,-4.36446872665254,coarse_3deg_600s
28,44,58.0,14,0.0,0.0,1232,1.1517425,0,0.9582935586012348,0.7638888888888888,0.6703681514829826,0.3472222222222222,1200.0,44,0.9437022554170468,1.9055253843415276,-4.36446872665254,coarse_3deg_600s
28,44,58.0,7,0.0,0.0,1232,1.1483570833333332,0,0.9560118511773309,0.7638888888888888,0.6577719057796529,0.3194444444444444,1200.0,43,0.9400589521132141,1.9051121318124027,-4.36446872665254,coarse_3deg_600s
35,36,52.0,34,0.0,0.0,1260,1.173728125,0,0.9632576816921845,0.7638888888888888,0.775322478815117,0.4791666666666667,1200.0,23,0.9327892289726747,2.3232607900714073,-4.36446872665254,coarse_3deg_600s
28,45,58.0,21,0.0,0.0,1260,1.1597958333333334,0,0.9597812528264689,0.7638888888888888,0.689574326716115,0.3402777777777778,1200.0,116,0.9426393016290044,1.948662213746502,-4.36446872665254,coarse_3deg_600s
30,42,60.0,15,0.0,0.0,1260,1.1485979166666667,0,0.9568142632782828,0.7638888888888888,0.6620073918347585,0.3263888888888889,1200.0,71,0.9339252658397648,1.8240113258501327,-4.36446872665254,coarse_3deg_600s
28,41,58.0,27,0.0,0.0,1148,1.13461375,0,0.9434837176890335,0.75,0.6102577432827372,0.2361111111111111,1800.0,125,0.9223275134077394,1.776651158659684,-4.36446872665254,coarse_3deg_600s
38,31,55.0,9,0.0,0.0,1178,1.1378293750000001,0,0.9456283000162945,0.75,0.6298981763485014,0.3125,3600.0,97,0.9229592709340966,2.079424725259969,-4.36446872665254,coarse_3deg_600s
28,45,55.0,14,0.0,0.0,1260,1.1625302083333333,0,0.962933995000285,0.7430555555555556,0.7334469044895379,0.3888888888888889,1800.0,100,0.9391780390979159,2.219323748091161,-4.36446872665254,coarse_3deg_600s
28,45,58.0,7,0.0,0.0,1260,1.1544572916666667,0,0.9536842935661297,0.7430555555555556,0.6805345257582478,0.3402777777777778,1200.0,42,0.934561635443661,1.9481172606636576,-4.36446872665254,coarse_3deg_600s
40,32,52.0,10,0.0,0.0,1280,1.2261322916666668,0,0.9637287812803594,0.7430555555555556,0.7231230915588865,0.4444444444444444,1800.0,57,0.9406585748703267,2.3584014324998144,-4.36446872665254,coarse_3deg_600s
37,30,52.0,9,0.0,0.0,1110,1.1366864583333334,0,0.9363696526652266,0.7361111111111112,0.6305595782828335,0.2916666666666667,4200.0,48,0.9222371964269952,2.0464163864492795,-4.36446872665254,coarse_3deg_600s
36,31,52.0,9,0.0,0.0,1116,1.1308972916666666,0,0.9323003567811807,0.7361111111111112,0.6117041446792035,0.2777777777777778,3600.0,131,0.9108372194303567,2.0573992467281506,-4.36446872665254,coarse_3deg_600s
38,31,52.0,9,0.0,0.0,1178,1.1534543750000001,0,0.9567313260100578,0.7361111111111112,0.6569302827553529,0.3333333333333333,4200.0,97,0.9428632715961304,2.172723647180375,-4.36446872665254,coarse_3deg_600s
36,34,55.0,18,0.0,0.0,1224,1.1292964583333334,0,0.9274044567063524,0.7361111111111112,0.6441737519040313,0.3333333333333333,1200.0,27,0.9009313528123083,2.15557049858095,-4.36446872665254,coarse_3deg_600s
28,44,58.0,1,0.0,0.0,1232,1.1469247916666665,0,0.9491883737820574,0.7361111111111112,0.6655277535380192,0.3263888888888889,1200.0,39,0.9157917358758234,1.9073289788000594,-4.36446872665254,coarse_3deg_600s
41,31,60.0,10,0.0,0.0,1271,1.14900875,0,0.9501768202971602,0.7361111111111112,0.6544563133639105,0.3402777777777778,4200.0,87,0.9307672473908162,1.8406728781929484,-4.36446872665254,coarse_3deg_600s
28,43,58.0,27,0.0,0.0,1204,1.14499125,0,0.9458801725265774,0.7291666666666666,0.6547976486218463,0.2986111111111111,1200.0,113,0.9317897604634645,1.8622545838322617,-4.36446872665254,coarse_3deg_600s
36,34,52.0,27,0.0,0.0,1224,1.168619375,0,0.9632969136235254,0.7291666666666666,0.7325442781114915,0.3125,1200.0,106,0.9514995129779258,2.256219170874996,-4.36446872665254,coarse_3deg_600s
28,44,58.0,27,0.0,0.0,1232,1.147966458333333,0,0.9525571700561959,0.7291666666666666,0.6703116506860203,0.3263888888888889,1200.0,21,0.9341584360230526,1.9054820225068936,-4.36446872665254,coarse_3deg_600s
41,31,58.0,10,0.0,0.0,1271,1.159165,0,0.9476876726079548,0.7291666666666666,0.6752139320321088,0.3680555555555556,4200.0,69,0.9280022614813552,1.9679892660136025,-4.36446872665254,coarse_3deg_600s
28,40,58.0,0,0.0,0.0,1120,1.12395625,0,0.9299537181392109,0.7222222222222222,0.5914032350752171,0.22916666666666666,3600.0,130,0.8788984979992256,1.7325689089769947,-4.36446872665254,coarse_3deg_600s
39,30,58.0,9,0.0,0.0,1170,1.1304874999999999,0,0.9380853567506513,0.7222222222222222,0.604767364622594,0.2361111111111111,2400.0,132,0.9132060949823044,1.8091498018571646,-4.36446872665254,coarse_3deg_600s
28,43,58.0,21,0.0,0.0,1204,1.1457724999999999,0,0.9465150406916977,0.7222222222222222,0.6625229030130794,0.2916666666666667,1800.0,44,0.9160232393437324,1.8606005081097454,-4.36446872665254,coarse_3deg_600s
35,34,52.0,26,0.0,0.0,1190,1.1646625,0,0.9659116541644038,0.7152777777777778,0.7058396282419144,0.3125,1200.0,140,0.9434092049359109,2.1947936978370124,-4.36446872665254,coarse_3deg_600s
28,44,55.0,0,0.0,0.0,1232,1.159555,0,0.9646662027977596,0.7152777777777778,0.7029190658611587,0.24305555555555555,1200.0,118,0.9447841272373148,2.1688105522503682,-4.36446872665254,coarse_3deg_600s
42,30,58.0,1,0.0,0.0,1260,1.15224375,0,0.9523686123245209,0.7152777777777778,0.681046145699603,0.2777777777777778,2400.0,91,0.8721133216622494,1.9484110689485479,-4.36446872665254,coarse_3deg_600s
28,43,58.0,1,0.0,0.0,1204,1.1447308333333333,0,0.9435754214754082,0.7083333333333334,0.6511403570304205,0.2986111111111111,1800.0,143,0.9226399013494175,1.8672624063958603,-4.36446872665254,coarse_3deg_600s
33,35,52.0,0,0.0,0.0,1155,1.1710020833333334,0,0.9463871154749093,0.7013888888888888,0.6976776877783042,0.3888888888888889,1800.0,56,0.9063084753254309,2.1286979566709743,-4.36446872665254,coarse_3deg_600s
28,43,58.0,14,0.0,0.0,1204,1.1478558333333333,0,0.9365806848399427,0.7013888888888888,0.6595486024693148,0.2638888888888889,1800.0,97,0.920174457431758,1.853785680715383,-4.36446872665254,coarse_3deg_600s
39,32,55.0,9,0.0,0.0,1248,1.1587439583333332,0,0.9470779788945133,0.7013888888888888,0.6786426914031156,0.3819444444444444,1800.0,71,0.9139258476410704,2.197624306846322,-4.36446872665254,coarse_3deg_600s
36,34,55.0,27,0.0,0.0,1224,1.1549475,0,0.9514415332911457,0.6875,0.6808885517763029,0.2152777777777778,1200.0,141,0.9247806454003873,2.156949174198951,-4.36446872665254,coarse_3deg_600s
28,45,58.0,27,0.0,0.0,1260,1.1579729166666668,0,0.956367083654846,0.6805555555555556,0.6812421095238265,0.3472222222222222,1800.0,26,0.9352616945401129,1.9488949505968174,-4.36446872665254,coarse_3deg_600s
28,45,58.0,1,0.0,0.0,1260,1.1544572916666667,0,0.9560443031246272,0.6666666666666666,0.6841101096676956,0.3402777777777778,1800.0,33,0.9404986185719971,1.9499623239817327,-4.36446872665254,coarse_3deg_600s
28,45,58.0,14,0.0,0.0,1260,1.154196875,0,0.9505628263710955,0.6666666666666666,0.6931381624139461,0.3333333333333333,1800.0,126,0.9302400859939347,1.949745390787435,-4.36446872665254,coarse_3deg_600s
28,42,58.0,21,0.0,0.0,1176,1.1366775,0,0.9429775267469185,0.6527777777777778,0.6475048290173867,0.2986111111111111,2400.0,120,0.9281493266291181,1.819882308435251,-4.36446872665254,coarse_3deg_600s
28,44,58.0,0,0.0,0.0,1232,1.152133125,0,0.9517418328079192,0.625,0.6637819730089469,0.22916666666666666,1800.0,54,0.9333025863583371,1.9049036717570134,-4.36446872665254,coarse_3deg_600s
